,depHash,withdHash,sender,receiver
0,0xcfa3a64a54e096eb23d808fa75f949999ec79eea2a90781c5ef31bc6686ef69a,0xee6efdcb8976e3e56d61f42ff13c9dc059b1c361707cc227177a3cfcc6eaf8f9,0x0039f22efb07a647557c7c5d17854cfd6d489ef3,0x0039f22efb07a647557c7c5d17854cfd6d489ef3
1,0x12dc7b45971aa8bd26d3cddaace1ab5687ab5b1887b45cc642b8c9c588b3c4b6,0x5a69df04cb3d43dd562f02a566307d119ea5ee76fae4d26589985109e047c68f,0xc8c30fa803833dd1fd6dbcdd91ed0b301eff87cf,0xc8c30fa803833dd1fd6dbcdd91ed0b301eff87cf
2,0x2ccd9930baf9e138681e6267af59647d0ecbe61be463e948968515848f30166c,0xf212c66eb680f0547a562af3a9bde23e32dd0bf264420dcdf70828a57e58418b,0xdcbeffbecce100cce9e4b153c4e15cb885643193,0xdcbeffbecce100cce9e4b153c4e15cb885643193
3,0x9b188d04d5fd31e2130b022635c2d7775a975418f74cfc1c16dae94ff899ee27,0x3e3c55490f5170c5959bb1fee62e63ab05b1c26f68cb74e42bd1bd4e5d50b39d,0xd2b3968f24ec37315b25d91873c2d169693cd946,0xd2b3968f24ec37315b25d91873c2d169693cd946
4,0xf405a5d8264969fafbbedacc0ff059dc9994bdf84b745dc39725f6095e2d73f7,0xb244bd2384c289e4f999346ec4caf91e8e7ddc41725399affda7c7090acefb6d,0xa328500eab25698b8b146d195f35f5b26c93aaee,0xa328500eab25698b8b146d195f35f5b26c93aaee
5,0xc14419a91988ab3a41ce3dc7c59f845f5de7df402ce842735a5f170573adac43,0xf63a623d9a34fd67b91f0ada64f02dbb32c12dfada76ddb1bb8853a3e5ae2ef7,0xc4b0772b22edb9b1a68a6f51ef6dcb3667f7ce16,0xc4b0772b22edb9b1a68a6f51ef6dcb3667f7ce16
6,0x6e20b9ace387c4ad6966c374fc2fa51fbf46ece2aab455d80e8a6497f92f6cb7,0x1b90e848a5b568be4e068b38975023853960f1ae2ce09b6062e935a9745c8e68,0x50260fcf08808216daa93402f0704eced91ea7f7,0x50260fcf08808216daa93402f0704eced91ea7f7
7,0x026ec43fa656d5501df27a11a3bf2f629ddbdfe5f725603a26616afc4015e3dd,0xd43d45e5c2129f2c62f08f3abf0170670053411a814869d4ef5164d1b591ed7c,0x2a1049062c6cfd69bd38fbaf3b0559df1dbbc92c,0x2a1049062c6cfd69bd38fbaf3b0559df1dbbc92c
8,0x7b89245ffc3f0c2d357df443c6a0ff0b4268825c5d8b0699496d494e57c14273,0x96faf9cc34369f8fe6f1e5f4b328e1970893335d587395c4b247046d44098ede,0xd2a19b95a4cc1870fffcf7473c1f29f4273439b8,0xd2a19b95a4cc1870fffcf7473c1f29f4273439b8
9,0x26bf828319e9221cdf45fd00aaf0eaa2c79f9876744f1c9075f3456f5ab81d16,0x9d27da45c177dd2748f18d499664e5b6ee7ac51c6e95ee439dc4cf3bdddc241d,0xa2b58f70cf450d465bf153bff4c83a7427269105,0xa2b58f70cf450d465bf153bff4c83a7427269105
10,0xf90ec49e588920064a23bf446c7c9d7a269481d52a399647c50b45ac49b5a085,0xa6316268d954bb3262469f1017c90cab371cc96224742d0e4672489bc08d3341,0x942242bd77a92eecc8bf8216e49ed8ef7f4817df,0x942242bd77a92eecc8bf8216e49ed8ef7f4817df
11,0x08f5097d3adda73966033e235147f5cd9f6aaa061df484394a9647609dd6059d,0xb0de23b0ee9f83a53213a3f423024ce80919758e126e2b4f0fbf0b4e1cb3a64f,0x9b0c89b9e698aa887ee51af06ef63dbfbde2badc,0x9b0c89b9e698aa887ee51af06ef63dbfbde2badc
12,0x38364bd1214a73a13279b73d743d60f0a41df72460392cc2a627f27206f1009a,0x3c8aea950922d5a4a5a3d0ce46c587c0c8414fe4cb3a69eeb6b4f19c74b28669,0x50af5f78a48bfbb09d4a53263be9a405b4d39fec,0x50af5f78a48bfbb09d4a53263be9a405b4d39fec
13,0x299209f19f7554de2e1fd94778585867c377fcb69fe470c72030ee681dc75f37,0xa4a69a0e0db809b5562353d80e3ce7c09756000108a1077e9db9b18d4d59c082,0xa5e35fdbfdd8da2377f0fe927f087d76b4e92b6f,0xa5e35fdbfdd8da2377f0fe927f087d76b4e92b6f
14,0x9c611d51e7e497742b9278a93386bdcfb5096b2b6609413ba50a799ee3b918ad,0xc5e7d02d473da8f78363d2375b0bc50d980c60dd7bc5f00e8e278733b684280d,0xd495826cabb093e7dca498d1a98e4dc55e0c29db,0xd495826cabb093e7dca498d1a98e4dc55e0c29db
15,0xa95eb585d21d0ae164ba687999e293dd30b807990518fa1c2bc7e071fd4d5967,0x6f5e5b2a80e4952719c69bc7e54fd57020c584f9a7ac6789d718947363a847eb,0xa5e35fdbfdd8da2377f0fe927f087d76b4e92b6f,0xa5e35fdbfdd8da2377f0fe927f087d76b4e92b6f
16,0x4f9ca8023270341dce365e6f7392ee4c0500f7181cbbebe38966c62e836fb0f1,0xd9953f78cb6a05842436d7dc13d2a9682a40863c01f772f2d0521f533b9c3777,0x968aab417f159019515ac1e46e0aaf62ac2151b8,0x968aab417f159019515ac1e46e0aaf62ac2151b8
17,0xeaa57ae82cc74a83e109552e2e49ce3890e65feb3da6a0765c36a368b924b028,0xe3b0c55dec0974c26a0e033679681f76e5e7bfa802721e0735605793e90c911f,0x6f9bb7e454f5b3eb2310343f0e99269dc2bb8a1d,0x6f9bb7e454f5b3eb2310343f0e99269dc2bb8a1d
18,0x9fa61fd61f7fb46e3c71ce3d1ad78fb9077aabce72435070f8f9250afe545b80,0x69841f1c2728dd9077a3b23d0e4af0edd3a8b316f82a4f3487a215acac567621,0x55a46968d41c967e578dbd162eba44c3e43ffaca,0x55a46968d41c967e578dbd162eba44c3e43ffaca
19,0x5df9576976b3b9772ab50159c971d86c47d2644956aaf8f953a6bd2482f2b8fd,0x1561076afcc2eaf276a0c5ee10a138554763f12f7eb99e298543e706a36e1cca,0x42a2f2c3be4f825758039ef254ae422a7a9c8774,0x42a2f2c3be4f825758039ef254ae422a7a9c8774
20,0x489868b32fc42cf1df58313d0501ecb248a7ec2cee9bdb68bbf86ed1da990032,0x9318ca3c5e0d7485f85ea0492ff968b71a42e7ce2324e01211a2603ca5e9caf5,0x80658e3657882cfa73fff0eb20c92aa5e948230c,0x80658e3657882cfa73fff0eb20c92aa5e948230c
21,0x2c8d7dce313c9427188a3c32a1a62be7b474bd155eb5f7d1cfd065f49319e404,0xb5cb30dc2bbf78daa8867348dde5071559358dc7391772ab746b4cdc6f6c28ce,0x9563c6f3948d9287c3b3d1313d4996aab5edefc9,0x9563c6f3948d9287c3b3d1313d4996aab5edefc9
22,0xc1e2c2d102fdd4432adc31ca95e80256c2541dbc44d1c65dfca7bd6d20f077db,0x7d27cbfe10c022705ed523a78db4a33c2e0c027b3d890095ed5927a0a1afc7ba,0x40f41c762763436d73de1bafb11729c36ad32a54,0x40f41c762763436d73de1bafb11729c36ad32a54
23,0x0e3a86352b86c93da1fdabba751778660520f542787c4cc0698413c5d3086592,0x175d7ce5b1425f2467be1ac6c4a838c7d60abc683efc74f2bc0b83c9e57a9671,0xe1846df99fdd930fe5585364b1e2eaa954b7d653,0xe1846df99fdd930fe5585364b1e2eaa954b7d653
24,0x861adb91846d0a647565572fe476e1978f707b1756699c67e79c74054a7c86f1,0x21d8a384711ed64a93b403267a64e91dcf4de5abc2136f901bd2c95c094931b0,0x35c6432ebc042f0ec6490a6ef5f40423fd06019f,0x35c6432ebc042f0ec6490a6ef5f40423fd06019f
25,0xcbf77cb2cfad789a94382d09db41d852faafccf246b5bf4ad9afebe944567127,0x0da21dfa6a374e7534f1b2b71424ef1066082c8b5a117d77bc722b213820908f,0x36653b3741d35ad8260e99ea456711f65e542f28,0x36653b3741d35ad8260e99ea456711f65e542f28
26,0xfd306ebc29d16352c7f10399966624e92c3e534a37b39c1f270acdfbe4b3e0cf,0x2a44520c64c03e445f8b3204758e5d22d634f10cba6a062369e27ed1db734a2d,0x0b157ac0a65319b0a18aa46b0b0d4497e1074456,0x0b157ac0a65319b0a18aa46b0b0d4497e1074456
27,0x41f434ba02c22f22a4b785f0342d08bcb8209e3d8de728ec41e79efa670b75a6,0xdb0b0278322c2465abab0e856346d41baf5f06bdfdb3a0616e7db2b54e32e4ad,0x50260fcf08808216daa93402f0704eced91ea7f7,0x50260fcf08808216daa93402f0704eced91ea7f7
28,0x7a4427417ed5be33997c120262026880fd076ea5dc29bd9ff05f98298c6f27ca,0xa27777a562801ee822398d7d619b8d425dbe962a15bbffa0388668add385baec,0x2ff7913d16bbd79136b015034cb54053607ac58b,0x2ff7913d16bbd79136b015034cb54053607ac58b
29,0x739df7d7de73d8768147b1c9336f4e2063066d6907dfef2ef8c49723a1efcea6,0x8848f39ebadb7688f02c8d36ab80b97a83af4020f17d07c7c71408fd9f862422,0x8589427373d6d84e98730d7795d8f6f8731fda16,0x8589427373d6d84e98730d7795d8f6f8731fda16
30,0xc1032cd332438cb38774bdc136e1ea529b54f5887c7b396588d21d81a949c7f3,0xe81cdad0ddada88cbba21bd1cc17954fd1072488e789d32f0d97c31046846b91,0x8589427373d6d84e98730d7795d8f6f8731fda16,0x8589427373d6d84e98730d7795d8f6f8731fda16
31,0x5ed40ab693cfbce07372b4857d0597c1c199e9293683e1c7467d8ad383ab2ae4,0x5fd364f2ce11863e7b89cfaa92db9c4e77835b80d37d7f2fa3cb91f37d38e737,0x054d4e90b51b5869f9372892ed4e9cb69655182d,0x054d4e90b51b5869f9372892ed4e9cb69655182d
32,0xcc6ce3d8797772d0bd6074d1dbf4fc4c6c500d9356574ada18bee3011d30d6e2,0xabf30aa2cacd64e7a06591577bb6b2e8c4850d20eaea3e10d99c22a50f53c08d,0x2ff7913d16bbd79136b015034cb54053607ac58b,0x2ff7913d16bbd79136b015034cb54053607ac58b
33,0x9fa005d9d829c75095e6aec79aa79d90eebf22e2f096fba62a35bc9b250e4b71,0x07c68a5be406a291a15152e4f774c5d9440689f32e7d3921d1f18f9da6d96d5d,0x1ea456cb5f130d17179dc506df8cb0c754e9c902,0x1ea456cb5f130d17179dc506df8cb0c754e9c902
34,0x67342d340035e17da19f2d26e2355a0645d95a6da7f6cb68a4b8bb049468b6d3,0x6cc3613e4eb116a1b4878be7056a2a94780d045b6ded5b24be74bc08863a8f36,0x02e61951f63c727e1b1dac5edab46a9ec3f6e54c,0x02e61951f63c727e1b1dac5edab46a9ec3f6e54c
35,0x7042cf85e618adaa6ce167cc90759fdba34c74e353d3911aa9ef6b0b15e8dd6e,0xd7c3402c3b5c9fb487601ad796c4c02b133a676009436b86301816c4cfcc9f1e,0x02e61951f63c727e1b1dac5edab46a9ec3f6e54c,0x02e61951f63c727e1b1dac5edab46a9ec3f6e54c
36,0x046f12d6c15997b79bd7059981e535de8e389f7b267bec96f2712a3afee12d0b,0x8daf60fcb3bd54ad7badb2e74c3afea246eedcf5f5112d5703a0bcba3476e688,0xdcbeffbecce100cce9e4b153c4e15cb885643193,0xdcbeffbecce100cce9e4b153c4e15cb885643193
37,0x107365fa388ff8435844750687136316ee14bcd0e5a8bc1da8818f902fb7b5b1,0xbbb25c64cdd8fee16a1c20741286395eba1296f3ffcf22c395463c0d16c16d80,0x1955c2b76b1cf245795950e75eb176080879da50,0x1955c2b76b1cf245795950e75eb176080879da50
38,0x320469697be2de853cf185b8b18ba914a65d8ebf622922f51543ecff9de38511,0xda6f5640a155fe395ad16e0a690735077fa13739bf2cb2dec53a564ba4be320a,0x7ab874eeef0169ada0d225e9801a3ffffa26aac3,0x7ab874eeef0169ada0d225e9801a3ffffa26aac3
39,0xc25ff7c9fbf0e6515965388279f302ab6617678671cdfe7c3763484ccb6fcc9c,0x63cb6b8e116202b676199b144ac42a2bfb9f0663e0ea0e455fa23bc1d652d052,0xe126b3e5d052f1f575828f61feba4f4f2603652a,0xe126b3e5d052f1f575828f61feba4f4f2603652a
40,0x3d42379652889936a41dc2013cd102cdee03e40a457f8d3d056d4269fa9d0b02,0x9bf29019fd025c6f6e02e542bfdc15f72d34cf2c46afe89fb41bb8cf1940b96f,0xce76b221defc722fcffe27a43c7e95b8138373e5,0xce76b221defc722fcffe27a43c7e95b8138373e5
41,0xd07e61b0b5efd87ca77f47b84af0e469fd7241947ff9e777250bd041eafad784,0x3103adf2781eeaa0a003bb7f8fe65839fac889ce5a072f57c8472b026db97656,0x5b7116fbba614df65d5859f29503b58e318029b3,0x5b7116fbba614df65d5859f29503b58e318029b3
42,0x4139c986b6260b56c3934b3dab04352d4ea08cc60c3e18230c9c7a3217134d61,0xa5801ab118aa1805fbbd579bff7f39bcd5a7ab13e61c9fedf6031c0fba71eec4,0xcef0e56b84ad7d5be9edcb7faf66f85ae83942a4,0xcef0e56b84ad7d5be9edcb7faf66f85ae83942a4
43,0x1afbd9a9a31e7c67077739c63eb129e212f0e14e6f3097b6b38cda2deb1ffd59,0xe978c39c35ad5bc2c4e5a429c48e353b963d3cd24fa1ee1e751ef138ecf5727e,0x47d6e989fb7e7784119b0e83b95d665b4affc752,0x47d6e989fb7e7784119b0e83b95d665b4affc752
44,0xffa57d5f643375c5951c63e6d81f10a6563ed5dce583356a3807a2e7017a01f3,0x840c587aefd487dec0220f54329348db88ac91697a2d6e18f3e11d8626714427,0xc430d9842f7f48c06507317e39a2b7e7fdaf20e4,0xc430d9842f7f48c06507317e39a2b7e7fdaf20e4
45,0x3ff401254913863f2b612000b8d891e55cf069b9e77690e9db6d400432d6dc73,0x8d898aba8d1f8e3b94f74d58285f860c786a85ac67feece1c02bc1269f3ba29d,0xd36d4715c10628065595c149218f804a8350b9cb,0xd36d4715c10628065595c149218f804a8350b9cb
46,0x5f8082045739156f5d544d6ef3eb76a568808b7e5af403da5c39f0cc21ea72b0,0x211eb182338d3cb488842c1b645bbbf1c3624e6e28b6f9ca7263ce8b79079158,0x5fa37054a93ef8b5e830de90d834f21c9dc2415e,0x5fa37054a93ef8b5e830de90d834f21c9dc2415e
47,0xedc7c3eb8ebb6ac06b0f952bdbe1adb550b223de08947efd9f88380af7a3b406,0xeb3b6d712922668deb3cdce7e55092a2a54b8b98e69f3cf8c47853d35aa370c3,0xe126b3e5d052f1f575828f61feba4f4f2603652a,0xe126b3e5d052f1f575828f61feba4f4f2603652a
48,0xd4f5f1a419a0df60a2c4f84d1b1eceb891d260f429b3db3732f1562e2606244d,0x02bebe3864b149609d930d05ee1be7871a2a61175edf892ffafed7192cd0c46f,0xde7e3ec4442ba87247797bea433985449edea893,0xde7e3ec4442ba87247797bea433985449edea893
49,0x58eeac31c9c5d6dbe46b66ff422b34e8cb056ea4b1503443bd0c32239a4ce6b2,0xaa209f6253de7b51333ce2165cd50e6c4d3439bb559d97d4813a3dc1f29e7670,0x8981ce4369dc1e24663a241a24a8d1eab9aa5c96,0x8981ce4369dc1e24663a241a24a8d1eab9aa5c96
50,0x1f75324fae0eeefaa818835b20ff6f6d814c01d15d7fb6a17530e6cd426d40fe,0x9f4ccefaeb4f444dbc13b0229441327cb4ffd214bf40412cd3b1f7bf0e04999b,0xc82f5fcbfaaf7ca1f6d0a969db58a6bba2958840,0xc82f5fcbfaaf7ca1f6d0a969db58a6bba2958840
51,0x463d55ccf1056a194afe125a3a682b8ad016cd4a243793788e1c5c19442e06e7,0xa88bebdabcb4a343109c2c14708162e4f8d969d4283302126d49f9d06f52946c,0x5667865d74b72d37894d7ea807c5c4f350519fac,0x5667865d74b72d37894d7ea807c5c4f350519fac
52,0x0d6d0df5b2ca9a6e620c7e1fe5fe7b2c3c2e69b2e87db6ea487b7e66e23a4657,0x8924773b9c2dc33357020dc2b38806ced15d16fbd0e1b3bb89efb30bd0919225,0xe92af5194021cbf48de35e05430537794d16d592,0xe92af5194021cbf48de35e05430537794d16d592
53,0x1ea96102a419c14989104e9ef72f11758cc35c612e08d84f7c4abb244c108e52,0xf121fb4e8780b74d7f7384f50aa6744f998b2b7f3d58c08f225b9f5fc3bb8e2f,0x867db38c83f4287a71ffd0cdfba6ffae93150ff7,0x867db38c83f4287a71ffd0cdfba6ffae93150ff7
54,0x5add9f2a7b076948bf83be6a724d95f42eef33a3fab17e606991cb4b53595813,0x2ea25b1c7a9bea8123ea1b97be59ed366fdc65998b48822837acd3374177c15f,0x2fd66e5817aba792d23ef67fd597ccb7705a6836,0x2fd66e5817aba792d23ef67fd597ccb7705a6836
55,0x6053f7131a56b12654741eb470f953e5c6b0dbb110490ee8d7cd6d389c96a781,0xa6b687cf55e9f16a43d27cb494434174f5d5d64d3e3396fa6bbddc663f984c94,0x9735be97e42cedd72c7b17edbd09b21f8bb9bdd0,0x9735be97e42cedd72c7b17edbd09b21f8bb9bdd0
56,0xa18e5cac4172c0fd5d814050b0bd948e927f7024a5e996c63d173e620df27736,0x7310525e96ac69882e68212c47d316886e3eca5dcc62cdb6f5f6982be6dddda6,0x8ac0f4686f4124c1eeca6ec9e9323b5408bd2e44,0x8ac0f4686f4124c1eeca6ec9e9323b5408bd2e44
57,0x0b8f1513ac6a622be43abe3cf849f45bc1ccb074751411b4d92b6d71931fa419,0x4b258658d1aca9c5197505bcedbef194fc5daefde4de9949c4a64246fae2ad7b,0xd1ec22df6bb8004e6eaf6b893855a290f4e5ba3f,0xd1ec22df6bb8004e6eaf6b893855a290f4e5ba3f
58,0x920dceba467bd40e18278831f4579c47ab25b393eba7d6a6eaf73a90209774a7,0x8e4ed11bbc837d2671cf363fbaa9e5424b1f2b3d14832c9a1a8e9fd0307bad2c,0x019edcb493bd91e2b25b70f26d5d9041fd7ef946,0x019edcb493bd91e2b25b70f26d5d9041fd7ef946
59,0x4e2bbd3b2a8e5b18d75892906cd6ab2e22017522a9be6274cfa889d1a1168310,0x2818e3ee888f2d0ffe3780024796af3d836257a7d3500e6077d365ef6f6d5b90,0xfa1c9471934dbb68bf70858a513033c6c10364c7,0xfa1c9471934dbb68bf70858a513033c6c10364c7
60,0x8d1ec32debbce8ab7488072e0ce2a7662c6be848b3568ec7b10f365ab8fe6b01,0xe4c572c34d3e1da56c4fbd3b4d404897e4f5ea1f0fe5e1d9d8134dd8f8d5b1b6,0xe794f1a676b9ecb34248e4e897c455dd9ae7613f,0xe794f1a676b9ecb34248e4e897c455dd9ae7613f
61,0x469e6cf4e3862c4dfdc38218a9191407c35d4c5248383cf2b0605150d5d9e525,0xe45f0219610439fe85a44e43b17a039d359a54336697834fe8957ecb232b3f7a,0x7bcd84fbb82a93d239f93af46dfec21eb39e2ed1,0x7bcd84fbb82a93d239f93af46dfec21eb39e2ed1
62,0x609159251b3bcca4ad28da194e6cb93c12086b673bb4429d7c10acdccf24c9d7,0xc73debcd9e02d0dd45b4ccb780816569c7207724bc4945d7ef49680c76de88a7,0xc5c38f1ca2316c3351ba91537ffc1dd80e0d257b,0xc5c38f1ca2316c3351ba91537ffc1dd80e0d257b
63,0xf423333872227f0f0690f5163cd863ec1db608fd2aa07c9aed8c5ed276cd46c9,0x0ad5895e2709aef64dd8a4282d1694ae06549746ad6b91ec52fe07dbef83d6f8,0x849f17c54d6dda08162ef328131048d95b9b2c71,0x849f17c54d6dda08162ef328131048d95b9b2c71
64,0x6dcbf9c75203a1cd7ec4c9bd896b3daa061ade8ea89e61369ca5f3fbb9be6d07,0x024cbcdd5f60a0905ec8df3243655bffb5ef4ee8c3b234b3eb2176d9d9352365,0xfe98395be28efa0c482488ba984e5be3cedc630d,0xfe98395be28efa0c482488ba984e5be3cedc630d
65,0xdc9a0269979d1d90a58e15284ee6f2cf0bc99332d834fd81f1f7aadc4256f6ba,0x9e5630727f96e39088ba75ba76613f93f1fff76aab8911ab085d829e5c1e99e7,0xcb5fba4419abc4d7c11af0c24ba0f2e555407f5b,0xcb5fba4419abc4d7c11af0c24ba0f2e555407f5b
66,0xc118594388f8950aa8114b6ee6dcf5d6441486223e94f028303eaaa8572a1f48,0xb4804fa05427c888c2ef690a93280edd376c2aaec357f09fe268a099120b8a8e,0xb262fa34e8fe3b664689945c9f3830a35d30e44b,0xb262fa34e8fe3b664689945c9f3830a35d30e44b
67,0x6ef0901167ad9002b9eb4a765228fb387fab88df781bbddf4a0b2559b1b3db1f,0x7411cf7c4f11093a7aa9b87f4c924149dab32ac24ce0eb6035fe4438a98eefa1,0x7e819419147fe92d64939dc3a9d7e409504eb9bc,0x7e819419147fe92d64939dc3a9d7e409504eb9bc
68,0x1d2ae54c7bb87c837a7509e06795fcccadde67c0506ed702d4e3826ef9363770,0x9bdddd53fcbba873782380d340164e3c101c09b2d1748068c38406a852eba9e2,0x224dc168607867ea1f60c7b6ef1913ecee98bbc2,0x224dc168607867ea1f60c7b6ef1913ecee98bbc2
69,0x161d4171cfcdb2dc632b73eed494df7e1bf19dc37d07724bb19421b40f105f5a,0x70b0815b4b4976dce7a42a46a57557b8e75d4de9e770ca0c156fde7359b16834,0x782b638a99c7d1f027e10ad3aa35fde0177ab875,0x782b638a99c7d1f027e10ad3aa35fde0177ab875
70,0x58b60897ef764f3ab175200f2adf49f94e5201e598a2614097f558b48acbf415,0x728054465220831bd6fe0bbd82df39c8407853ecd38d42f74f7077f879893dfb,0xfe9029dbcc852b4e30b4586607cf6ddc14b1117f,0xfe9029dbcc852b4e30b4586607cf6ddc14b1117f
71,0x051e6db7e8596c3103085f559b736061ea5c3eba45ed5466477c7fdeb7a7d11b,0x13ab6e6944a12618fb037396c55eb6020da2d3ae74b346ef0a9a08e2fcb0af84,0x874ab0b254b6a857e9584d0cd2189d26c1b81d3a,0x874ab0b254b6a857e9584d0cd2189d26c1b81d3a
72,0xbad4fa675e4dfd8c960b84cb800d9ec521a73a27240465f5906b37b190eaea55,0x7af1bdb0417611f27086f86e2a45e30e5c266bfea32cc0eff3c322566214ac69,0x6963d1e76d777b86bc7159b3668e4b2081a044f0,0x6963d1e76d777b86bc7159b3668e4b2081a044f0
73,0xbec9e4f4872bf45936a08da050772bd2921e1a904c8e527d98d53d3c00b789e5,0xa1345a3757a55c22e103b346454a842b7178735db8c00b1af7e1abb1ae694e36,0x0b7d3ef887a6907554afff9d49b683de690c6f00,0x0b7d3ef887a6907554afff9d49b683de690c6f00
74,0x24d0f40f4063bd80c3f5090cef94ce8f4348563e4857b0389e267e1c8fcd7332,0x35d3dccaf96914709f3b7ffda3ca21e10605fd4e21cb2047358bbac8a419c06a,0x9d2099bf2d8647a9199b1d725a46845537bed774,0x9d2099bf2d8647a9199b1d725a46845537bed774
75,0xa19afff32116e8dd963b6c2a44b50adc2239d1346f07f975232a10d8a15c177e,0x18ef630dd406e041b352bb87d2c846df0636748dcaa5d076efb63b595eb54e46,0x413122d26d9af22ca9d447a3d74a809ddea77fbb,0x413122d26d9af22ca9d447a3d74a809ddea77fbb
76,0x8e2b931076208e2c616a26bc0ffa0342ca172bc1fb0891843a262726d619ef55,0xc848f45d05e4777e265ed692816ebe079b43e9b48bef1ecd165b3d9e3f12b112,0x540edb9f6316ff9bcf0f685f30616ef303850b5a,0x540edb9f6316ff9bcf0f685f30616ef303850b5a
77,0x6cf913af75dab5f90f68f2e0fb6831f9d33594f78a90d06b6ee8ecd22bae5732,0xbe07d56ba2b0b6f511ba68ebfc6f0391ae321cf58b306dd4e2551286f9e4793a,0xb73401828f7eeb137a7906cb41575f044d2dbdce,0xb73401828f7eeb137a7906cb41575f044d2dbdce
78,0x088c201b105d19b553c26562bc7fd4193bf64d3852a095265f38f48edc064df5,0x331307173a1c85b3f4a65b4334215ac3f12c5d5817a9392b42becb9dca9a8d4e,0xe1a12e49148aa71cb004ad151a61c07c98818ab7,0xe1a12e49148aa71cb004ad151a61c07c98818ab7
79,0xf7598921f93c39421ee4c144f4643c7f377592975650465c9fbd787c73e74951,0x215f54795efa1b446a802c969e2f7de9795c076b33b250cccd3d868fe4151431,0x8db6b632d743aef641146dc943acb64957155388,0x8db6b632d743aef641146dc943acb64957155388
80,0x5bec7a6cc8038067a1cd540b978eab4c6eb6ce9c74a035744e1f7a244dbc8e7b,0x5b3c2fcb1acf0c6e5852e70c767df2d66f3395b0c0d197f459a24aceb7e493b7,0x3dcdd9a8087a025d84fa7aa819148501099edd15,0x3dcdd9a8087a025d84fa7aa819148501099edd15
81,0xb53c8e4689a3c0b90a95cd9db2102bc31ac654c1d626c1e15625b83db9df626a,0x027e4ddee80fc50b437b5e5cc4d70ca47affcb5c086e2cf253373f7b4931d84b,0xb0ab9d7238a34f26538ca36d873a6bac0a520d58,0xb0ab9d7238a34f26538ca36d873a6bac0a520d58
82,0x772b39c1b0bfa58a94b428c421d92eafd0a00681add94952bb4575d3551e0609,0xae4d970c3d5d81240a2278865c451181a958ffc4ab050be4c116caa0af412130,0x74c6b6602cb6d10895a03aa42299c0fdc68ab1d9,0x74c6b6602cb6d10895a03aa42299c0fdc68ab1d9
83,0x53d734c64857a02a69df9ac985f20df862fbecfd3b4faa12def5fb8ef0427956,0xb5773f19b42a0b1c603a908e4ec91250645223029e7bad990ebe239ffdc9119d,0x9433ea2c250d84d3fd6398699d48728fa610569a,0x9433ea2c250d84d3fd6398699d48728fa610569a
84,0xa6eea42fe1e848cd86cbbbc3b63c38122f093a5d43a456b6b4ec7a0fdafb097c,0xc6872dbd756ead8746151f88d03ec4c42158f6c97c9fbead8d636b648a034f97,0xcb5fba4419abc4d7c11af0c24ba0f2e555407f5b,0xcb5fba4419abc4d7c11af0c24ba0f2e555407f5b
85,0xba065fcd6f9cceed2ea10f4c846339aaad0e8d67fa6e762ed9c32cec3cb3ece4,0xa3100af3d51d2d9c61c78a33f58f57eb04e0d04a1778f44f93baef4a77f3cadc,0x8f15269e14e2621cd0f3f5394a1b3fadf495bde0,0x8f15269e14e2621cd0f3f5394a1b3fadf495bde0
86,0x889c0c4290c3e7c6e00d7e51e435844c628bf7109388065a71bf6cced2f242b0,0x3b1bce6a0f3250a937f37771882e1951bb43e5ff4897f27cc4192c581f9fe811,0x8bd7cbf8026ebd9c212f1d0dd24fae747032bff2,0x8bd7cbf8026ebd9c212f1d0dd24fae747032bff2
87,0xdda7db6bce462f65f970a67370e5e96fe76cc02f6a6c82e837a8a809ed1a27a7,0x1a78796ac32f75813d8703785069e66828701230d1d2497d7356994f4b1ce68d,0xb134c95cfc957e30e8d6e9f823277b3253c6205a,0xb134c95cfc957e30e8d6e9f823277b3253c6205a
88,0xd9eeeec262897f88c4323013ca927cb3cb94e7f22347fad8cc05778b050c1598,0x354c6a703a95d43f9016d82137fbe50c11bf2775d911e9907434879583425e10,0x30602250c5f1fcba5407e99b1dfaab992ea4ffd2,0x30602250c5f1fcba5407e99b1dfaab992ea4ffd2
89,0xab343d1e7bde1a4529e3c9e3ae60d06bdd823b3b156a5984e0882f1a01734678,0x47d6951fcb06f0938cdc71d26478ebdbfb7dc6956ebbdc920ad527692c2c07a7,0x0039f22efb07a647557c7c5d17854cfd6d489ef3,0x0039f22efb07a647557c7c5d17854cfd6d489ef3
90,0xf4922f775be90a8a75a7ac2f5362620085456e04cce9c7d4ebc77dbe5e358e4e,0x5302c4d652dbe1c1c6886abf7891f77ff32bf33baa354445fde17a526d772653,0xce5a1239cd800ae5f59c89f889321dadec0f0a22,0xce5a1239cd800ae5f59c89f889321dadec0f0a22
91,0xd329e4765f6b4ebf72de35354675084f0a288b91e78ad7bf1e058a5af1959ff8,0x157b17cba3bbb3dcafb6feb50e6192395ac3b52192cb47b37ad74b99a3827b2d,0xed5c29e35ff4870b0fabe789c8f1efa972195d2b,0xed5c29e35ff4870b0fabe789c8f1efa972195d2b
92,0x8dd755875093ef9e18545212558cd06fa5e594a6306d6a4e37c3330fe52afd96,0x371c5a034a71ba5e083074f89112af8b72348004a8ccfd29179e616dd2178b93,0x32c7d9051ec747e0aed7046b5bd0a89e34b84636,0x32c7d9051ec747e0aed7046b5bd0a89e34b84636
93,0x669e556c35ae7aa110da49ef23e19efe3228225fab5122aa59672e840c9dda0c,0xce3d6195bb711eee39f80bbab7ae7304871fb2081386147070ded2fc8662097a,0x8cbced4c31bc9751fc4435366255b549bf434ba9,0x8cbced4c31bc9751fc4435366255b549bf434ba9
94,0x73cacf2de136e63ef812b8c11ad61c9af55e391852bb029de693eb2a9cb48794,0x595cc9c80e45830b6e77c632ea90882eb3a564f13cadfe76ac731a0374eae9d7,0xc647fd233cf7fdb4456dcad8ef6a79ce323aaf2c,0xc647fd233cf7fdb4456dcad8ef6a79ce323aaf2c
95,0xe7caed22561ec047260fdeab359d27cc3e8948cae77f355d7be0cbc2a39de94b,0x4666d9eeb26fbd389184fd811ea763ae3718086ffead037f0f31879443b23244,0x0091275be2a4f06cec595d147fffe71f8a531690,0x0091275be2a4f06cec595d147fffe71f8a531690
96,0x35792916d59363fcd0ad8f0af067d8e3c7d021287a2656e0f38076b73be63d29,0x0e1ac871f23dec8a097e8cc35c0b3ab8b3e11d26db7ccc356b9ebfaca9790345,0x0091275be2a4f06cec595d147fffe71f8a531690,0x0091275be2a4f06cec595d147fffe71f8a531690
97,0xb833177f5b65b2f87f3fccad25c1c3b8458477640a7e1747f0cb7878699ecffe,0x3740cb62bd0e567e106dc51eb55a28068ae3d665f4f5c69e212380bcee01ab01,0x4bd32e9008b36529652ef9c70b1f0f839186ee8e,0x4bd32e9008b36529652ef9c70b1f0f839186ee8e
98,0x194731f66ae40315519bf765657453eb4243346d885467f7d69fd955a3a84b1d,0x0af9a2a4c6b76fdf8efab4b8a2168ce15677d6a5e268c6fe3fa9f6f703918020,0x0091275be2a4f06cec595d147fffe71f8a531690,0x0091275be2a4f06cec595d147fffe71f8a531690
99,0xf38236f14dbc0f44740fec4cb84ae88b3e2312faaa65bb7b48443e2dea99bee6,0x7d64e977c0041b3136f76970a5741b63074c4e6220e58654c1d1ac731a692f7a,0x3f46680099cf623163c96747a8addb85a1da1cd1,0x3f46680099cf623163c96747a8addb85a1da1cd1
