index,timeStamp,txHash,action,account,amt,gasPrice
0,1577309522,0x6448bf9837b8ef7d9bff2ae929b12cfdfb4170454a2bd3f6ff573317885367f1,d,0x51940f5f8eb0bf150edd0bc00067d8dabdb16bd6,100,1000000000
1,1577587044,0xf52c7c1dbaf28ceaeffae6628cc081e325b97d6a7a4e7e786fd430a17e9b84b4,d,0x1db3439a222c519ab44bb1144fc28167b4fa6ee6,100,11000000000
2,1577595362,0x4dfbe390c414755ad2306d667f79c14500c9c0087524a5001788cf84c510e7b3,d,0xa3e2c716c54d0c99fe17ed12dca65c78fee7159e,100,8000000000
3,1577729969,0xdd8991623f091614ead9ace0fdc4f59f528dc3a35766ac2112a35928582f7c42,d,0x0aba55c93cf7292f71067b0ba0d8b464592895ca,100,8000000000
4,1577730011,0x84f27596016919203d69a0d3b4ae567d205aac8c06fecdfb68123b34bc483342,d,0x0aba55c93cf7292f71067b0ba0d8b464592895ca,100,13000000000
5,1577749134,0x635eb7cd3d5e6a31657380a60ff6ff8c93ca31f9c670360cc7122c331680af0c,d,0x744b393b3d1e9551872447b15f043cd423fed2ad,100,5000000000
6,1577845201,0x4a738f1fa6f23076e2b6a1cfddce2b5aed0b43d27b7a961424ec2c7cd8e90080,d,0x3bbb6053d4b1202ed5111c88c276364fb8bf738c,100,4000000000
7,1577862718,0x3b4f42376dbb1224d59e541636cc3704cccb9572067d8f9758312d432adb86a6,d,0x28b460cbadd0cbeedca284d19dcef6016f462fcc,100,13000000000
8,1577903208,0x45e0e75ff365f4dffe1755bbaf71fc2b512a021e61748c04e3effc181b664103,d,0x57aeda024fdbc8e1ce19cb9a628ca39747e3661f,100,13000000000
9,1577993633,0x6037f21d5455681ca755d527607ecaa2110364951ed43288d170af22cd9b33f7,d,0xa38da4974b594204b73581ac5fbc1ebee54ca4e0,100,13000000000
0,1577998796,0x6e51fc8fd2f64dea3dd188beb8ae432ac18fa7e332bc4a39f73755ae4e03e2b4,w,0xb349ee9a271921d6606b0fa7748a15b1b93790b9,99094000000000000000,10000000000
10,1578006369,0x4313cc677fa3c5a8e9bca1fd6d662794922630d1016e350a1319a143c3042bdf,d,0x5b28a024e2b103a8495c64637ab82cfced696292,100,13000000000
11,1578008760,0xad213d7ee39e0735c0ba8d6898b87309b05c317e31ffd3e5c67f4275be116719,d,0x89e8e9ec8c3f5b06e9cf64fd0227ddd31a6e31dc,100,2000000000
12,1578009651,0xdce4d9cc423708bfd0609bb28cf71e5e41b6724dfa7800595b7662417d3dd25d,d,0x64186cfa40ac7b7e907f9c5d231abf9a8a664661,100,2000000000
13,1578058623,0x2828a1abd1f1ef4166359614bc4ed870a4f083b185aaf164870888dfd439a434,d,0xf8fd33c4e992aac4d31cd830b70e82ec3e95dd35,100,11000000000
1,1578058682,0x2bca401cb45aa5633e84d8dbbfded8b9f95e60309db98e527892a9cce5712291,w,0x1a0e2a24fb52ef82fb3e0ff1313aea7b9bb1f5cf,99093500000000000000,6000000000
14,1578058798,0x7974e2be0affac0596254f7fdd0a76cde000297444376e0ae2100d0f0a559a52,d,0xf8fd33c4e992aac4d31cd830b70e82ec3e95dd35,100,13000000000
2,1578058848,0xa21ac199b654d03c0ecf3dc82e2c694837986f833c39f9c49ee0a641aae53646,w,0x1a0e2a24fb52ef82fb3e0ff1313aea7b9bb1f5cf,98093500000000000000,8100000000
15,1578058879,0x34a1f86674d840f3da0c7c0a25f12fe5a3cbaaa8d21e06b00ac06610f8b04c2f,d,0xf8fd33c4e992aac4d31cd830b70e82ec3e95dd35,100,13000000000
3,1578058961,0x0a26fec3be717fc9239b692ccfeaa3c4cbb6149e65795f8686ee2f92502d2428,w,0x1a0e2a24fb52ef82fb3e0ff1313aea7b9bb1f5cf,99094500000000000000,8000000000
16,1578058989,0x8dcc63aee9fd9cff611f0f674388f2dcaf26857db8084fe813ccb957e5ed1d90,d,0xf8fd33c4e992aac4d31cd830b70e82ec3e95dd35,100,11000000000
4,1578059035,0x4b2f1c4f1bb04867c80899d808f2bf89a3ce50029d93bbb20fb770d86da4279c,w,0x1a0e2a24fb52ef82fb3e0ff1313aea7b9bb1f5cf,99094500000000000000,8000000000
17,1578059073,0xad0f53fee90d0a93f26dff507b776284bb04c360ddaf4c551f1e64f003fc58f4,d,0xf8fd33c4e992aac4d31cd830b70e82ec3e95dd35,100,11000000000
5,1578059120,0xbf50999e367cae2d783645d37b04f435028476f438f66c39e04e474c0b54c797,w,0x1a0e2a24fb52ef82fb3e0ff1313aea7b9bb1f5cf,97994500000000000000,8000000000
18,1578059134,0xc075346e8ae0ec147b016df6af1cf352e74cedf2558e6a7ec22641616b3f3aff,d,0xf8fd33c4e992aac4d31cd830b70e82ec3e95dd35,100,11000000000
6,1578059201,0x12c5baea6524c94e99c889e8ec8b2d74c27e57d23140e3df747951861374a651,w,0x1a0e2a24fb52ef82fb3e0ff1313aea7b9bb1f5cf,98094500000000000000,6000000000
19,1578059208,0xba76e426bb3890a2999dac66ea4d2f1148ebfe9a0cff019c2c7f5ceb98da0044,d,0xf8fd33c4e992aac4d31cd830b70e82ec3e95dd35,100,11000000000
7,1578059276,0x50b162d9649be2908b27ee5966c236cba4d800e4948d235743becf8bf139fac2,w,0x1a0e2a24fb52ef82fb3e0ff1313aea7b9bb1f5cf,98094500000000000000,8100000000
20,1578059291,0x1fd50f6c95b9b8271cd249a9017762e81ebdd4689a213793528910fc4b702a69,d,0xf8fd33c4e992aac4d31cd830b70e82ec3e95dd35,100,11000000000
8,1578059340,0x349c768060f294063eb002f556363209e20d080c1e231b13803b597bdb9e6253,w,0x1a0e2a24fb52ef82fb3e0ff1313aea7b9bb1f5cf,98094500000000000000,8000000000
21,1578059350,0xe4ec5c0a830f2ce0a66124fb9b537655f11f6c8e3814c73c145af36d75828ef7,d,0xf8fd33c4e992aac4d31cd830b70e82ec3e95dd35,100,11000000000
9,1578059424,0xfc198d13fe1dca2ff6cc7b16c379520ca6b29863ca375b43efda22457316de30,w,0x1a0e2a24fb52ef82fb3e0ff1313aea7b9bb1f5cf,99094500000000000000,6000000000
22,1578059445,0x10edf161ab89b2495d82d7235e6d7fd389f01181d7ea49bc6b71c680d7d89e79,d,0xf8fd33c4e992aac4d31cd830b70e82ec3e95dd35,100,11000000000
10,1578059502,0x45124d9d830c1bb6f648615fb3d92195abea43970a5f4d511b6349f77e577d6e,w,0x1a0e2a24fb52ef82fb3e0ff1313aea7b9bb1f5cf,98094500000000000000,6200000000
23,1578059547,0x4c615defd3a02534b825626541d7d5094df1e895147fa2835d786bae74f32595,d,0xf8fd33c4e992aac4d31cd830b70e82ec3e95dd35,100,11000000000
11,1578059686,0x1a49a12aac96e997b1f40b4fbe8d7fe31289a77fa24117f9dbb9442fea9d1c38,w,0x1a0e2a24fb52ef82fb3e0ff1313aea7b9bb1f5cf,97994500000000000000,8000000000
24,1578077137,0xd7e7230128f0f58b103d32ed2f3689eacd62bd23be399daa83186253978bd33a,d,0x126e6df83adea6ae73b9ba2bc0ebdc8dd72a237a,100,2000000000
25,1578077801,0xa1b161e64d91ea0892c180dba18dad9fffe49f02ceba2a948457a45f99a81b80,d,0x373909a93f71ec2bc44de6552dd8ef3916b490ea,100,4373646209
26,1578078924,0x5c595406ce2b4d4de1cb3c6fa5a66e2ea86d3404ab516e8ddc14e13454432811,d,0xf8fd33c4e992aac4d31cd830b70e82ec3e95dd35,100,10000000000
12,1578079018,0x6760f0e944cac2d00774a34004bbeeadcde3c8ebfca0289b74eef2ac7a2842d6,w,0x1a0e2a24fb52ef82fb3e0ff1313aea7b9bb1f5cf,98095000000000000000,5000000000
27,1578080531,0xcaa87fce3f26a48a9a8e925770c3ea02f7f51f1c212ea2fc5098f6cfed0f9f31,d,0xf8fd33c4e992aac4d31cd830b70e82ec3e95dd35,100,10000000000
13,1578080612,0x6234a1d610cb051b38535eb6b711f3be0a3d686d852febe396739936a2adfb5a,w,0x1a0e2a24fb52ef82fb3e0ff1313aea7b9bb1f5cf,97995000000000000000,5000000000
14,1578081838,0x32381f9bd3fef083777d9f46e379289ecf2783d3a54ea8e1e7460dfb50da0975,w,0x35b664097ab4bb626ba473b85b8020d68dcadacc,100000000000000000000,1768817204
28,1578090999,0x9f43062a65ed8dafdd315bac0673aafdeb13ec7f816ddb20f771ffeaa60519bd,d,0xf8fd33c4e992aac4d31cd830b70e82ec3e95dd35,100,10000000000
15,1578091039,0xd7a33821d9967d9b82727360b3b26ed3419e598d2bb0273fdb757f0673674963,w,0x1a0e2a24fb52ef82fb3e0ff1313aea7b9bb1f5cf,97995000000000000000,5050000000
29,1578091210,0xa561ea8ffbcaa314f7ce8cf6303489bcb4fca06557789dc7a827401a77be1124,d,0xf8fd33c4e992aac4d31cd830b70e82ec3e95dd35,100,10000000000
30,1578118017,0x839e2b31dfe585147777613eafb2e5d9ad06ca081d81e78cc6b56a282faf0945,d,0x28b460cbadd0cbeedca284d19dcef6016f462fcc,100,13000000000
16,1578132122,0x40659dcebc18e48fb604fdb3626078516707ce0b32ebaed15392eee264b7129b,w,0x1a0e2a24fb52ef82fb3e0ff1313aea7b9bb1f5cf,98094500000000000000,6000000000
17,1578161255,0x3fcb944b321043a6dde430d3e9bbc8e47c438f10a6330cee3f38ef4fb381b94e,w,0x56e54052994fe5742ecc80edc0b2f131fbaa920a,99094050000000000000,6000000000
31,1578175820,0xea7b0fbd220db8de23b85ebc36c077b36e32671871d2edfcf07a30c15054480e,d,0xc3f498aea35d385dc9ca5b3e1f9dbc6fe3966567,100,2000000000
32,1578229333,0x73fe1070bb28a2bb4da4c42ca042d189cfac30de7589e046c8d2da032ad40dbb,d,0xf8fd33c4e992aac4d31cd830b70e82ec3e95dd35,100,13000000000
18,1578230246,0x06ede97f04c028004cb2c341da2021fb6880e4f0a40967f118c291fe72208e43,w,0x1a0e2a24fb52ef82fb3e0ff1313aea7b9bb1f5cf,97994000000000000000,5050000000
33,1578243323,0x8bb4c30dd832fbf32afa2037a9f9e44936b40b1db465869e4f882cad27f3c2f0,d,0xf4bbc3f8f9dae1b19da82dae46711bda90f06edd,100,1032130000
34,1578273342,0x07f69bf9a0334ee00ce97fa30d60e83369d72f891bcd27326b1cf678b79d2bae,d,0x703db01d1e0ad0e3da18428a7196732eb2b2a1d0,100,21000000000
19,1578310515,0x2ec79d9c54392fc22ea3b55307efcc7c8061644e344487618ad94dc10d004c7c,w,0xf617a6b3c7bfdf7599c3e99d6370d5725f45a95a,99089500000000000000,8000000000
35,1578316936,0x95e135da3eed1174dacfe36003d016e230d9cf294fffd693735f6e9367241707,d,0xf8fd33c4e992aac4d31cd830b70e82ec3e95dd35,100,13000000000
36,1578367851,0x1e04b6bcd1ce50dbe4e67d59b194b13cca0ddb7c152c1d89e83ead95fe72847f,d,0x1999ef8b3251a38de91f4bca6e6b55058c4a8fd7,100,3177636364
37,1578368771,0x0be76e675ff3efe6efd98ea6f83d0e68902eb547d988db95cf6b2f5cba82a318,d,0x3fda94db0132d1da46472e0f3eafa9c37d61c502,100,2908181818
38,1578369526,0x5cd06a42d662886df2db7f0f775c5318f74eecd446c402dbc1d07c3e1a4960a5,d,0x96c78d3317661c8f353a407e8e976ab8333c1ff6,100,2610363636
39,1578400662,0x2055fc7a8edff1bd957efe308afcfae37a361f45e5ed29573dd7575be1f410ca,d,0xdf936637014e39ce828452f6cfe766b45b024402,100,11000000000
20,1578419747,0x49e31f2b1ba4b756c66f7754bbcf804eb27ca9149fd90c58be2eb136f777984a,w,0x3638eac5d27ac15c2a5739484c40074a3309de7c,100000000000000000000,5045126354
40,1578430602,0xdadd69eb1ac207288dea77cf4b522dcde0d2ba65edf48297e18a49a1f8be011f,d,0x1695afc3e0f90a0863558061cdc6bb019effb4c4,100,6000000000
41,1578430857,0x20825fb1f3c4862023c5e07da862c1e6fe079be06569a577129329cd7eeec092,d,0x1695afc3e0f90a0863558061cdc6bb019effb4c4,100,5000000000
42,1578430981,0xd31638fe519501ce32566566952b6fd75735e9ed34240b23aac380cead30a58d,d,0x1695afc3e0f90a0863558061cdc6bb019effb4c4,100,5000000000
43,1578431071,0x9c7fdb06a01645b10ea50897d8ae98696bee134ba9b47be9223c18a64bc6755f,d,0x1695afc3e0f90a0863558061cdc6bb019effb4c4,100,5000000000
44,1578459703,0xb3a9b273db3a5657994678d63c364e32f024ebb5d8c93edad6811a42bc772ad9,d,0x22acb809d08ae7c79f0b84513efce0577acfe514,100,13000000000
45,1578488134,0x8ef5c9dbbf7b85975922911946f8be63546d2156b3707e99f357d629dc6954dd,d,0xf8fd33c4e992aac4d31cd830b70e82ec3e95dd35,100,13000000000
21,1578488165,0x8c73c3b7d34a5377cf7ba77ede1cade52ce82df7055aed1b3fb1632418a4416a,w,0x1a0e2a24fb52ef82fb3e0ff1313aea7b9bb1f5cf,97993500000000000000,5050000000
46,1578535524,0xc4d0aa1162595d6ccaae7f371688852c88851ea9fce47f5cfe4c77b8d99e662b,d,0x40ae687b99f9278e94dd42909e3ff7c98c1eee14,100,11000000000
47,1578535634,0xd157acf5d258f7d96583b5ff6d4ea415e2767058f8a8a95647357dd852dbc3e0,d,0x40ae687b99f9278e94dd42909e3ff7c98c1eee14,100,11000000000
22,1578536329,0xbc2871d0d2afc4a54e941d6d6cfb2dcea5164ad0e761084f2697923b387510bb,w,0xc67753c4f3adc4432006d2a4d0eeb6df41b87fb5,100000000000000000000,1572414174
23,1578551633,0xf418a189e28aa867f93285e0db978d6482f31bf2064a3c02cf830d57e079468d,w,0x3b0f3999b96fc6923983b15593a882fbbe6ec0a4,100000000000000000000,12100000000
24,1578556432,0x9ae3f9c696d5fbf18442b90b4248c0b7f655e3d9a088931ad64001c2a2ff2fe2,w,0x08998eefa057d02a0d4d39cd5f9c2b2a616e938b,100000000000000000000,22000000000
25,1578560484,0x8a946fa09c346a5d502db74d9b4f9a5601f280941e762f93b789e5efd66bae9d,w,0xef1e09e3691ad93ff80555c4da5958fef88d0da3,100000000000000000000,21000000000
26,1578598840,0x60a181ba8fc7006bc1b21d009d32d85a493fd25e9ba0e683576d4fea6268c22d,w,0x08998eefa057d02a0d4d39cd5f9c2b2a616e938b,100000000000000000000,21000000000
27,1578601441,0x576026698fbcdf3bf8147f77cdb0158f1a1da20a8346bfe99db2f13615200d75,w,0x08998eefa057d02a0d4d39cd5f9c2b2a616e938b,100000000000000000000,21000000000
28,1578697907,0xd329c83573d69a26df7ef3dea57bb8c5910a4120183f413a0ce796e1a6a49285,w,0x0273e5752277aa2e63eeace9ca55b9150e3214c5,99689500000000000000,8000000000
29,1578766933,0xa2ac55173da426090d3d82caa2039c6951c5649445435d5f84fbc4b361aeb4ad,w,0x08998eefa057d02a0d4d39cd5f9c2b2a616e938b,100000000000000000000,13000000000
30,1578858024,0x1a43ae305dbf03f1ff30c6cd3e768c25b974e423cb229ff9cd8c8e214947a41a,w,0x1a0e2a24fb52ef82fb3e0ff1313aea7b9bb1f5cf,98093500000000000000,8000000000
48,1578858050,0x71541d396d4985c7ce2d3766497c838754f41a28ebff5a104b870f817828870d,d,0xf8fd33c4e992aac4d31cd830b70e82ec3e95dd35,100,13000000000
49,1578873362,0xdf484ef054687893eede8a0c8cbad68a1e09610d7db3076e0980b2fbd26c189a,d,0x46a968f38f2ef98eb51cc8c8a2c641fd47042964,100,10000000000
31,1578876305,0x46e8087ea474199b07869e20b9cd945bf5891c01fff8f74f681f754a452444aa,w,0x08998eefa057d02a0d4d39cd5f9c2b2a616e938b,100000000000000000000,21000000000
32,1578947829,0xf3f0d27267f725f1bb3b8aac12ac4e303ea372c7a182cfa4491b0bf03fd1407a,w,0x1a0e2a24fb52ef82fb3e0ff1313aea7b9bb1f5cf,98094500000000000000,8000000000
50,1578947932,0xff992ea146156565fb6ca586141609380e1632d859f255140fe09488a1b09804,d,0xf8fd33c4e992aac4d31cd830b70e82ec3e95dd35,100,11000000000
33,1578948016,0xb920b16cbcc3be29a738994c43579c920e8d551f873ba1e37ac13d94e35057dd,w,0x1a0e2a24fb52ef82fb3e0ff1313aea7b9bb1f5cf,97994500000000000000,5050000000
51,1578948038,0x01f22d3630361ad55169efb15ccb20248f845e62e125c4234d411c3acdf2eb22,d,0xf8fd33c4e992aac4d31cd830b70e82ec3e95dd35,100,11000000000
34,1578948049,0x16573db3c11c4779ef46fdf8f26ede37c2d1b420953623fc1a4f3fe2126afa34,w,0x1a0e2a24fb52ef82fb3e0ff1313aea7b9bb1f5cf,98094500000000000000,6000000000
52,1578948098,0x2f5cfc849d79c33b6c88a6db58c7d5790a3a85a4eef935bb77febac2a2e6ac9e,d,0xf8fd33c4e992aac4d31cd830b70e82ec3e95dd35,100,11000000000
35,1578948128,0x099f61ce1b2dae7fbfae100b304b3b63900937f19567c085c39e081dbb9cbd7b,w,0x1a0e2a24fb52ef82fb3e0ff1313aea7b9bb1f5cf,97994500000000000000,8000000000
53,1578948128,0x12610b0f93c42012d8ec44d63cdf5777a6d58c037f00aa7023f759d15cb32d4a,d,0xf8fd33c4e992aac4d31cd830b70e82ec3e95dd35,100,11000000000
36,1578948202,0x6069800e659ad64bc9876f8d4c27767a03bccaa9ba489e1b6d5fbde91b64b91c,w,0x1a0e2a24fb52ef82fb3e0ff1313aea7b9bb1f5cf,97994500000000000000,6000000000
54,1578948242,0x373a6592e872348c2afe5d3d71d122321225ec23914e2809087cc20419c0aae5,d,0xf8fd33c4e992aac4d31cd830b70e82ec3e95dd35,100,11000000000
37,1578948277,0x71d511454baf68eb9b7cde4f0d3b8ae895894352879ea5bdc28c4a9e718317f6,w,0x1a0e2a24fb52ef82fb3e0ff1313aea7b9bb1f5cf,97994500000000000000,5050000000
55,1578948296,0x222b02e4b000e92ea1747b8d7c69ab45c901155325752ce1ad148e99d5580f94,d,0xf8fd33c4e992aac4d31cd830b70e82ec3e95dd35,100,11000000000
38,1578948340,0x3706e25f7148a5d760c2b6476785e8b32fdda33771b00c7b4b9c8f9f6ce7a83d,w,0x1a0e2a24fb52ef82fb3e0ff1313aea7b9bb1f5cf,97994500000000000000,8000000000
56,1578948425,0x695832ee00a29619724edcf34e9cb901020c528ef4f366791d9d3ff7e8c080cc,d,0xf8fd33c4e992aac4d31cd830b70e82ec3e95dd35,100,11000000000
39,1578948441,0x17da8c20ba676f6f76506f0bdbf6fd899fc61cd09d959b19182563a0f59495ea,w,0x1a0e2a24fb52ef82fb3e0ff1313aea7b9bb1f5cf,97994500000000000000,8000000000
57,1578948550,0x2d5abc7542edd6e8cbcc87661a3b8454293b6302e4d1c04f665e4bd6ca1ad668,d,0xf8fd33c4e992aac4d31cd830b70e82ec3e95dd35,100,12000000000
40,1578948552,0x7c0c24cc37d322e00af185b5ffbba4019734fb578dbbfeca2b7c7635ec8fbf5e,w,0x1a0e2a24fb52ef82fb3e0ff1313aea7b9bb1f5cf,97994000000000000000,6000000000
58,1578948630,0x6f6fb72d2c6bf17381eec300bf709f04c86130095d9e8269c5f12773ae221885,d,0xf8fd33c4e992aac4d31cd830b70e82ec3e95dd35,100,13000000000
41,1578948701,0xfa7602e7027c1660094e209a22cec80c284ca1c54e0d89f1547dc99b908de405,w,0x1a0e2a24fb52ef82fb3e0ff1313aea7b9bb1f5cf,98093500000000000000,6100000000
59,1578996201,0xd84b383bcaa168cbffbb8daa9353cec63fcc18e63d98f3b88937061c02305736,d,0x360698441dccabc21d5f972dfd700602c2c744ad,100,22000000000
60,1579074593,0x293ca43f88fef83c6f773074854980ff387b6d73b14e3aa31e547181e60ee21e,d,0x5d59e926033043b1c8dae698d46cb87a204c66b9,100,13000000000
42,1579125794,0xf39c5aa70cf08266ea7f0198c25e9901b28b6635069b2a763e6c08f788d5bf75,w,0x0fcdae4a4aeb0497f39a209009dc200a6466b7bd,100000000000000000000,5359205776
43,1579126298,0xab5f3ed8f91a00c749e6a792f3e2ba4bdf69afa15505b575e8894baddf2c99ab,w,0x5d59e926033043b1c8dae698d46cb87a204c66b9,99089500000000000000,5000000000
61,1579136833,0x74f7e48ecbbcf37a2504f7d3243a090e16eb52d618e56670e07ed0a80daafc0b,d,0x7269d7d6f8a76a8faef77a77509826c1fa829c19,100,11000000000
62,1579151714,0xb5ec208d14d01a92a59d2564889189f154881b0ae9772d53feff1217b826f95a,d,0x1b7077972529256cba77631fbcd674d55d484256,100,13000000000
63,1579160363,0x6ebd2da27451c7856b5eacef7e24c528c8a5b1b45843e02cd5628942a3459667,d,0xe0eeec7010ac9f74a947d70d43173d6765844768,100,13000000000
64,1579170358,0xf699bc1e8127f396575e0b98584fd3134474cef2334c22d68fdb2ee177bee4cc,d,0x7269d7d6f8a76a8faef77a77509826c1fa829c19,100,13000000000
65,1579200062,0xb67e03f6abfd71aff7256da914b68069cf79436d293892b27dc95cb191db1265,d,0x4a638bce00074010309b968c71a1e19a194b0940,100,13000000000
44,1579218037,0xf13395150446abe77962b05d4bff0679385046e3816bbcaab1f03c3d4556a921,w,0xdc26e05c143a1f47a6d109611c3c068820f42270,100000000000000000000,33000000000
45,1579218198,0xfa2e14b7c64ae8fe69d3da35010097eeb1acd6b677cabebd8720e8e464226dae,w,0xdc26e05c143a1f47a6d109611c3c068820f42270,100000000000000000000,33000000000
66,1579229863,0x5eba2e439b95d696663437a1e52d49b3fd716bb00f3ae1f8c7351e7a2b171a9b,d,0x624ff98976baa1d3e632079cbc673e5eb81862e8,100,8000000000
46,1579230120,0x289d51f39208846d471c54d047bdff3c804d58a446feebe0daccc87b54ef0be8,w,0x016f1fd5a6063f1f83306eb93da224cae1d54ac3,98095000000000000000,5000000000
47,1579235309,0xfb989080198d90017383d212fb26242528f91d612235de87d32ba94b4e346145,w,0xd8d99f3c12befd5bfbba9335e8e3c45e31942559,99089500000000000000,5000000000
48,1579241808,0xd2e85a9d03f9cdda8e419405054e4615887466cd31d70f01233b050e5bbc5204,w,0x9833cd4e6c34b4ac256ceb1910da1c58c24f278f,100000000000000000000,11200000000
67,1579243148,0xc724323342af78794b3472d45a7c4ea78218571ce9fe24b7950615988769501b,d,0x9833cd4e6c34b4ac256ceb1910da1c58c24f278f,100,12000000000
49,1579289247,0xc65ba00436ee20c3236d06e2354c4a0799bb29b16f026c5039f6afec9771708b,w,0x1f540e4d3211d393c31fa343cffd080d9b11b29e,100000000000000000000,8000000000
50,1579331520,0x3ef6769862da54922f844c4e4578e032b16dd4d7e2ade4b9adc07d6d7ca82024,w,0x4e9b5edbcd63d5d776df95c37a15d879cfce821a,100000000000000000000,20700000000
51,1579341850,0x737f7b7970f7fa3902f57194711809ac848cebb21a0522acb55c7c608334123a,w,0xdd714069d6b0851c82cf055cc969255f40524b25,100000000000000000000,10000000000
52,1579366360,0xdc245ba76453c36452c5b2c893df32494130cd9ae90d7044045a9871ca96d9ee,w,0x4108e817547a7c84d3b483a8d2c703ab1cadf230,100000000000000000000,21000000000
68,1579554412,0x5ac3cf17e9bb313911094b66e4b16a76e9ba2432abd8c7f6479a03852a961866,d,0x321a1f4026c5d4c48e71c4f0f0d1b3f17e9d200b,100,13000000000
53,1579843483,0x74fd62e91547b514bf08007253f93d7ab9acf8909ebd9a582c1f8831437f5d5a,w,0x28c6a861f62fd5939f82f751eab5fed7012fbb9d,97989500000000000000,6100000000
69,1579845347,0x2ab072318e1c75d5b3dc5352e53c344f6291a5de0341ca1d35c1b8c180541ef8,d,0xa6edc956290b7ce416c5d8edc67e1c32506fe099,100,1100000000
54,1580067173,0x41b3b7ff1bf7fe7a251fe51f8c173e0427ecaaccbf13773e7f26c72c7448e970,w,0xac75b73394c329376c214663d92156afa864a77f,100000000000000000000,5000000000
70,1580370032,0xeaf9cdca9fb5a1f848bf379a78698545be6b74d66ce4fad2cec7a4693af60613,d,0x15185a07a4f42cf3b39b6d143ac485f15a695d84,100,13000000000
71,1580463386,0x58105026a41774e3523e2a0e95ffa8a8ed25595c27040357ca5960d00b736d80,d,0x52361d3cf7a6171c7b928a77c00aeb746c0d8fff,100,21000000000
72,1580517662,0x96adfe9603bea9a212b440008faf3d337ed58a1a8a7647249147d9b900fb4d99,d,0x1db3439a222c519ab44bb1144fc28167b4fa6ee6,100,13000000000
73,1580517702,0xe07ca0804c5a76d32a2cdb192e43bf864b6a709d9c3eac8245e37db1c5c9bc6f,d,0x1db3439a222c519ab44bb1144fc28167b4fa6ee6,100,13000000000
74,1580517744,0x2ac9cc6a26682d22057a53ad0e55a0d20feb720c9f954c17418b9ff740e04730,d,0x1db3439a222c519ab44bb1144fc28167b4fa6ee6,100,13000000000
75,1580529265,0x22b8f3278660fbad2f8ac963499a5934d2bbc33d1beb97a489d2dad30ec42e1c,d,0xf369af914dbed0ad7afdddebc631ee0fda1b4891,100,13000000000
76,1580529278,0xd2c5a7bd4788e36baef56c0d286353d4a740b4727dbbae1763c9549c852caea1,d,0xf369af914dbed0ad7afdddebc631ee0fda1b4891,100,13000000000
55,1580547155,0x974a2694f57af0686d7419530e44ec4e46dc42eb8426c4b422ffdba7f60e9cdf,w,0x73df55055bd83d2b746792f0e9df65b254f929f9,99094500000000000000,6000000000
77,1580683053,0x95eecae758b335535ec39759b1567d72d329208551fed78f2628c7fc6d979113,d,0x648c991d4b4ec255d10f2c19a0ea35335aee315d,100,1000000000
56,1580684956,0x2540033493296ebd3e951eab5fc34f4598c3a37eaa53ec3ace05a95b82a69d9c,w,0x8d564391ddaa2cd85b0b5b35196739204f07aa14,100000000000000000000,1000000000
57,1580739519,0x0bff2f5f2dbbe1d767699c7f9f93e81cc4cc21b5f04c149113e9ece5e01b0449,w,0x345ebf6d172148d5f4010a03c8ea24eb82aa19b8,99094500000000000000,8000000000
58,1580739630,0x16443f61df84fc60223e4221844a9987db5e731a3247791c0e740f91bd45dc57,w,0x345ebf6d172148d5f4010a03c8ea24eb82aa19b8,97994500000000000000,5050000000
59,1580739707,0xc3b888c929504214be4545c2144b5328face7a4b3d5a2a04a58490ab1c8ad4f4,w,0x345ebf6d172148d5f4010a03c8ea24eb82aa19b8,97994500000000000000,5050000000
60,1580739782,0xa468027fafd679dae90c96a2f8923d48b84185bc3bccd3906c985b7334fbe650,w,0x345ebf6d172148d5f4010a03c8ea24eb82aa19b8,98094500000000000000,8000000000
61,1580776619,0xb8da06618d6b3fd799668e4a3871ee8b810dcdac0c6eb775c777641ce977f51b,w,0xe80363f9a5b46ce36684fd46d50cc7d6365e41ac,100000000000000000000,2532258065
78,1580877967,0x61d6d062d59cd01fee424a154d7720679ae1cd03d5525347079cb8c85cd1f588,d,0x28b460cbadd0cbeedca284d19dcef6016f462fcc,100,12000000000
62,1581011400,0x09e4bb03bb759b247fce1516d93c27c350936137250d108f70f2f6248f0b7c17,w,0xfd18b3d7fcf876d6e167309ba65f2a75ebb79b51,100000000000000000000,5186813187
63,1581013416,0x33d1989fea78e578b60e471d2aac24b1add3e9435ef5d976f71913b95a39af5b,w,0xa62010a4bb23db8f3855bbf144929d400a25d0d8,100000000000000000000,5010000000
79,1581065162,0xe3b8aba73a8e910e05bb59722cfb7f4f3736774db77ca962c0bf7f48deb27b2d,d,0x8ca40273726ebc87db0586c33061932f6d3cd637,100,11000000000
80,1581065707,0x7b4ddaaa14ddcb11fb154c207e8154778ab21d187d6c8b758744b6536e2c918a,d,0x8ca40273726ebc87db0586c33061932f6d3cd637,100,11800000000
81,1581087434,0xf78304dd3d33aed133a452e63fffdb564b52e0cb15ada2205d5c7fa72fe79332,d,0x3a0593a2a7d4fb8f2b7dc06f0435f748fa4900fb,100,13000000000
82,1581088631,0x9d020c379731a8354f6eccf3f3d77f9eb27bcabb377bf58bcc0368e1d5be7b93,d,0x8ca40273726ebc87db0586c33061932f6d3cd637,100,13000000000
83,1581139523,0xb94aed16972007f73cafb482e79c5d8d9d28ed850235131e5a34b234d2261b78,d,0x28b460cbadd0cbeedca284d19dcef6016f462fcc,100,11000000000
64,1581217185,0x02cadf8585c836d079577ffd3c98afe3c25ee05ff613395789442b5dc32e8cda,w,0x622a4d1c3871ebf6e11fac60ebf1ffc9718e3324,98095000000000000000,5000000000
65,1581241041,0x34a27277fb3e6cd7842166e7c5c7e0de1a9a6b8853432478a0c70f162b0e4e73,w,0x8333c40d51c9ee616c1a6bf7f145d1df1d047a88,98094350000000000000,6000000000
84,1581243391,0x9e0ce2eab09fd8650b5b95725ae80a328644994a47852ca3050bbee756535d90,d,0x832162c04d24216b52730fb1cdacc9ffe065097d,100,10000000000
66,1581243616,0x389b675319acf23210bcf078090586dde622d5c97b91471ee49d7730dedc3a5a,w,0x4f36cb02d106de250c59354757298773ebb24604,99094000000000000000,8000000000
85,1581372927,0xf9d671b7cd783ae5c2862453738d1b0947ed0c64a44c57961a07dbf724a142e1,d,0x1bdb1783505f626a55a5e3dd3e366df1cd69c055,100,13000000000
86,1581411113,0x8b9f0d7c8ac524429adc53be13859926050774c396ecf1d67a9223e21092b9a5,d,0x15185a07a4f42cf3b39b6d143ac485f15a695d84,100,11000000000
67,1581424438,0xbe9a7a2b8274ec310a08d063a60bd6defefd9d63747d93e1afce997a343147a3,w,0x103a00583f9f4f8b4921820d7cae7693ff1761ff,99093500000000000000,8000000000
87,1581428200,0x01abe9158ae6dd2c1449a386b48035195e20d85873671bd758b9716408b8954d,d,0x8ca40273726ebc87db0586c33061932f6d3cd637,100,2000000000
88,1581432994,0x039963fd65df1a4264ac1b0277b123052f2930cbd39279a639f9affe49e82016,d,0x8ca40273726ebc87db0586c33061932f6d3cd637,100,2000000000
89,1581433243,0x263d5330c299e6e73d4202a11b25762ff90f7876025cae77f5b3058502ccdcda,d,0x8ca40273726ebc87db0586c33061932f6d3cd637,100,2000000000
90,1581480097,0x98cb969e576d278b99d4709428774f4694f7e38c40c8b5bd63d3a81f54f3ec0c,d,0x87514b378e7a6e6c6c1b03db32d63935a3a12216,100,11000000000
91,1581480973,0x86bc12d8a6c839323754dd5d49c7668de5d0bdda062270ce8d786d68f624d672,d,0x540edb9f6316ff9bcf0f685f30616ef303850b5a,100,2000000000
68,1581496394,0x2dea91cb6b065586820099d979368540aefa9708e31ce9e0bd189920be864219,w,0xfc58aae1240db41ef97f88481efa9660d1ff70a4,99093000000000000000,9000000000
92,1581643436,0xab6465472972ee94fda31b0ee075af68eb0135633fe632868988589826a61dbd,d,0x0c71816ac20b24a6054c6c5954ce40afd08a84cb,100,10000000000
93,1581643595,0x2927bc4b15b0b828cda169b8a7c1bcb120eb6b42ede5accecbdb9e6bc021b593,d,0x0c71816ac20b24a6054c6c5954ce40afd08a84cb,100,10000000000
94,1581643603,0x8fc8e0638af150ea2f160244e42c6a02402cc50fa8a566cbfae51896482d8a5d,d,0x0c71816ac20b24a6054c6c5954ce40afd08a84cb,100,10000000000
95,1581643679,0xa2611175b8f2ebca66e067cdacded6947a993d7ea373aff053a9bfb6831b694a,d,0x0c71816ac20b24a6054c6c5954ce40afd08a84cb,100,10000000000
96,1581643762,0x6f7ba28db41528e556b434ee8d4b8ea4b2fc2b4cec601e192b6899fc2bfeeb31,d,0x0c71816ac20b24a6054c6c5954ce40afd08a84cb,100,10000000000
97,1581648213,0x65e4d0c31ad1455608322b1651692267971a0d9d7d8ece7eb7892da031a0c6be,d,0x5ccaa831953f32d59856ad579d54c69f19b8f0f3,100,12500000000
98,1581648273,0x5baa34d2837090d1af21fdccb53030b08f96c989c6b66da75ef1a127d163573a,d,0x5ccaa831953f32d59856ad579d54c69f19b8f0f3,100,8000000000
99,1581648314,0x11ee850d3351a0f3ae382bcbf7b0e1996813957c88490e436e71ed3d471aacae,d,0x5ccaa831953f32d59856ad579d54c69f19b8f0f3,100,12500000000
100,1581648328,0x2f30eec4b699b1c3c2427ac5dc8a8ccec1260cb0662f19232ae71146b7bb1bb3,d,0x5ccaa831953f32d59856ad579d54c69f19b8f0f3,100,12500000000
101,1581648378,0xf8c06086a977aa6c7a1b1d8ba30c34dccb99a2ff9a9643ee698261a94336f5d2,d,0x5ccaa831953f32d59856ad579d54c69f19b8f0f3,100,8000000000
102,1581648402,0xbe5be6a0065a283a57b3500309eb4c5b95dbf97463367b177b4dd133ef58a84b,d,0x5ccaa831953f32d59856ad579d54c69f19b8f0f3,100,12500000000
103,1581648479,0x681e8128ce58efa0a97051bdcd847bf59019dc74ae6d684f23265b66bad7493f,d,0x5ccaa831953f32d59856ad579d54c69f19b8f0f3,100,8000000000
105,1581648614,0x4ac916e3035e4ec0c5478493c28fb4f0adfeee0da980654dfd071da613f43285,d,0x5ccaa831953f32d59856ad579d54c69f19b8f0f3,100,8000000000
104,1581648614,0x40edde46a2356cc4cd54a3bcf78e0dbd2feaa427d195a155f7b8067febc64ef8,d,0x5ccaa831953f32d59856ad579d54c69f19b8f0f3,100,8000000000
106,1581649749,0xaaf26781f9bede02395cbee56ca23e753d30b79dc5549fd978d5edda119086fe,d,0x94793d0cdd8e299735ef9f2b7e0e653db43de9ad,100,8500000000
69,1581650649,0xb2a8016db10d9973ecfed2772f48460efcc8a2db1298190449bfcafbb93566e8,w,0x256e1fa64c39379d690b6352bed4ba215bdd304b,100000000000000000000,8600000000
107,1581715523,0x3b0aa1e9131371519ae36fbb02df19f9c1d10b41aa178a5cb5af94b8e4a8e9a0,d,0x540edb9f6316ff9bcf0f685f30616ef303850b5a,100,1000000000
70,1581749126,0x380f2fc15919c55434bfb0eba78b81c8f5f52593d16862944d4352889c3d762d,w,0xa9f7dfcdd51facbb631eee98697678d4eac1fb40,100000000000000000000,2000000000
108,1581760600,0xa03ac7ec14cc8473b29b54b72aa144986693ce615198a4ea600bbb4b10d9aa94,d,0x15185a07a4f42cf3b39b6d143ac485f15a695d84,100,13000000000
71,1581762803,0xbfafae4245c7b2d2c535c6b0bb1c97e233f6c70ae598ace1d821a9c734d10d9b,w,0x310a8b37d953818110f4da16e8d7ab6759f8ca76,100000000000000000000,2000000000
72,1581763379,0x37e950ec5619953481fc2797ba9a59a8915f23d607cc73861191b270b3a7cf3a,w,0x310a8b37d953818110f4da16e8d7ab6759f8ca76,100000000000000000000,2000000000
73,1581763705,0xeef532b92a24a7294115d482a69470ed53cc0af6f4653f4e8c86edfa9fc76e5f,w,0x310a8b37d953818110f4da16e8d7ab6759f8ca76,100000000000000000000,2000000000
109,1581776299,0x23e6f1d561f1fb6f734bd903a0ecad06b5e325057d2c1ad094216c6c091bfdc0,d,0x1b650473b7e9c658c52f7e76a8e93ae06843e845,100,13000000000
110,1581832326,0xe5945cd08ecfc1e3d520c431f38bffc2893d9b7c62701d82146a5a3dac394986,d,0x29c5fc1fe9437595a391d3a695b747f8685c0735,100,4000000000
74,1581867899,0xa4223fbb06e9144b0d2d9929c5ef7ace56349c6935b73a60b448939008be0c0b,w,0x44920aad8c4ae63b8b0bc8f3c1e18085edeaa5ec,100000000000000000000,13000000000
75,1581868837,0x4ff9ca7b8d7ede2e10caa1731f34d99e435664d48aaeb98d07d5774890821d98,w,0x0e54db73f82bd9fde34ebce53ea83bd197e9044c,100000000000000000000,13000000000
76,1581923108,0xd2c5976860b81e6b14c1ff0575da4ea6640566ecda9d0473565b4a2fd0130133,w,0x40fe56cb8331eca011072850a0b8094a20f4a73f,99093500000000000000,8000000000
111,1581955236,0x252f4e659c4306a2513ac31f81118a558ea37b7e4ada285c6d0aa22ab850d1c5,d,0x01e4f2cd946b8fd2e97046b66da1d8a07bcdae06,100,17000000000
112,1581955530,0xba30cf47c922bb873a2a31c02e30e3dd6752f25cfb9682d8fb1caf04a9e7c53c,d,0x01e4f2cd946b8fd2e97046b66da1d8a07bcdae06,100,17000000000
113,1581956445,0x5b3d9ecd4e5caddf4799bb1144ecf614a01fc69bde82f572f1792c7347dba217,d,0x01e4f2cd946b8fd2e97046b66da1d8a07bcdae06,100,16700000000
114,1581956827,0x977b80e6678231beaec4e4d13c44d502bb1958d68a4bf6820795e3282a2a4268,d,0x01e4f2cd946b8fd2e97046b66da1d8a07bcdae06,100,16500000000
77,1581958935,0x0b3cc737abf52a73221051aaeb528ec58e954bc55686b0cfa2b08af7cc19b3d4,w,0xbfebc3060e09eb9f0b2faa41a791454a154258d3,100000000000000000000,15000000000
78,1582010230,0x52d3885087527893bd7956be1dec07df1ccfec94db9e59c782c6316a28fc2eed,w,0x510b0068c0756bbefcbaffb6567e467d661291fe,99089500000000000000,8000000000
115,1582112829,0xcc669781260f4c493383169034106a8807dceac92b6e53c8221be6e0d8708f56,d,0x1b650473b7e9c658c52f7e76a8e93ae06843e845,100,13000000000
116,1582138142,0xfee3313b8ea942192aa69fd3cbe0d6b66c3b7d0b5d6246a4513b7cedc8d0fc31,d,0x0908da49faec391ed5430370420e2cc1208b46db,100,1000000000
117,1582241606,0x898e48dd97db46280e4070219e6ea4361fcae980cfa0ef00f480f1815eb84cb7,d,0x801795110f6f205929f975a603a732134955a255,100,13000000000
118,1582288964,0xa2b4f0269dcb6933188c6d0112f860ddcf3a0a58504eac660e97e740cedcbb16,d,0x5d40a4a3f68070090e5f5c134c0e9d1c97f272b6,100,12400000000
119,1582324971,0xc7130341abfb4d5272ff675d037b8c77e835ba3c837ba3142a974e76b8041da8,d,0x7f7dc314fc75658d474dbbfe598ebb058ca6aacd,100,2000000000
120,1582402098,0x22e60d635f13da1a1116cf846b7b748ef645cc833e0cd4985483848117333852,d,0x321a1f4026c5d4c48e71c4f0f0d1b3f17e9d200b,100,13000000000
79,1582425120,0xc33ae110843d1541bbeef092a4b702ca903d019905a731e328670d2580382644,w,0x510b10184853d3999ab01cbce24eebf4e406829a,99089500000000000000,8000000000
121,1582446015,0x7cb9c0c9e34aaa2d86b098ff1eff8c989df0bde28046970fc28d20e9e4ba6d53,d,0xd7c92f0b8db9014735c022ec29eee77b5743dad6,100,2000000000
122,1582447746,0x2bc3ed9683596a7f1542f40efdfe2c0715b27b374134f18c0ca16a341f117709,d,0x3620d737323c19556f6c69fd8ca1bbf8e8794574,100,1100000000
80,1582468569,0xf71218dec79e2071f1c901c48ca2033e9a6700281b65b9ac9f8480710e7c2e80,w,0xa0dd8e6c5440a424cd19f5ec30f8fa485e814247,99093500000000000000,8000000000
81,1582479108,0x64543ec5dab7402da00139a6fdc8e7e3048570fb72241344703de28ef84db1c7,w,0xbfebc3060e09eb9f0b2faa41a791454a154258d3,100000000000000000000,13000000000
82,1582479218,0x9f0361c3c31163d63fb94e1a6ab315a3d9643b095aa9d33728f9b132a643057b,w,0xbfebc3060e09eb9f0b2faa41a791454a154258d3,100000000000000000000,13000000000
83,1582479337,0xd2c94ee24f44f7ab4878dbf545d82db1e5511d3f989230882a3894212ec981c8,w,0xbfebc3060e09eb9f0b2faa41a791454a154258d3,100000000000000000000,13000000000
84,1582489398,0xe1991b10d39b0a695072d14bdbe81df3bf11452682715b1664fe41c3a7fd5c90,w,0xd3f68224e7788e965027d1a8fb48dd369ac9467a,98089500000000000000,8000000000
123,1582520279,0x4df8d6c5c2d88e995e4b28c8fb5f166a43cd859f0b3ecbe50e3fa7148469a67a,d,0x045269689ea687545cc4991b105e29ba6205b681,100,2000000000
124,1582527952,0x6e2de84248473ba2aa1c8ddde628a2eb172e6042f932d6bf9aee4cf895cf848e,d,0x045269689ea687545cc4991b105e29ba6205b681,100,2000000000
125,1582532461,0xebc02f861ca9f1208848191ba485aa7af242a62b5285cd5e879006b625ad2d08,d,0xd7fab7237b03c917fb12967d2caabd1c157dbe12,100,2000000000
85,1582563519,0x4813336799fdae3edd4ca1bf78857a5ff610b82b7860e8dc3f3021be0bad3a19,w,0x4c8475548d821e2e4d7f2e3bd2d83a32fff8131a,97989500000000000000,9000000000
86,1582667869,0xede9be325afbc1810d8b204c764b84741095fa8730280edd6fccc77b0efddc74,w,0x91ec3073185280aa2721857531b52ce4cf056388,100000000000000000000,13000000000
126,1582868648,0x8712ad1a77b5ced6fc07a420f9d278c345910f8213e9c2936419a9fb54da79ca,d,0xd7c92f0b8db9014735c022ec29eee77b5743dad6,100,3000000000
127,1582875780,0xfea25f37c0a4f5c6cfb3ffa96be047883573e0992fc77694c98d65d4706059c6,d,0x767f94271636fc90e0225d0862d17e8390bc3688,100,3500000000
128,1582879494,0xb4f1b964461230d9d8d3d7631cd02c3d957abf52b4b4fd5e91990f2296dcbc05,d,0xca5791cd787fb86ff946452d23ed92eeaa2328ab,100,3000000000
129,1582881898,0x55a48518bdb4123795d3151d0f99cfb494ab4a3972778860eba5fb4f9be0d9ca,d,0xce2c67111bf7e1d9522ea49f31e8396c424e2900,100,2000000000
130,1582883939,0xa50798cc2e630ded5e5bdf578ec369fffcc4a1b1ca464ca8a6b51383d478120b,d,0x6cd069e1104ba69961b2f3c528e8dc2f5126f9e1,100,3000000000
131,1582887664,0x66c0e3ac0b59ef59b1427447b8535510d4d90bb60c3a98f759b23802ffdc534b,d,0x7567e0cc9e3e81dde0d796493c34a4140320c5d9,100,5000000000
132,1582891455,0x07e8f9e491da5be4317a42bf2da8b766561d2588bc01db3e132244a6de34ec51,d,0x5b40372e111b9382b0720837a9f440ed5b76536f,100,4000000000
133,1582896793,0xa1b20c5969e5f5c87d0146663c89657d86aa623018bc16af078866ab47c82247,d,0x35d829b138ad13df48759f274c798a4d7ebf9b39,100,4000000000
134,1582898823,0xb7fa11e9ac2a89783e47cdb7b6465edbaca8969aa8ed5521d5e66173bfcb1e1c,d,0xa25146389b8e872a08d2a5ed6aedfb75dc201494,100,4000000000
87,1582977223,0x624e31b57f95f4a1ac4114ae83e7f36719cd5e577848fc8d531a5044907672fb,w,0xc4b41e88b29ba3da80c750ddeae5c5bff66b9562,99089500000000000000,8000000000
88,1583056981,0xc8bed6ff0262eda3c42b62a20737c29a67021552b92a0fc18d7b49048fadf28c,w,0x430ec01dba7db636f301a7d41977d64dde06a764,99889500000000000000,8000000000
89,1583060794,0xb185c2467cb525b1f20ba6e3a3adc41dfa0d2ac921101851092d741575bbe036,w,0x251b7f8974e3ca60b2c2c408ae77683da7ac1eab,99889500000000000000,5040000000
90,1583063422,0x3fc9341b954cb6cc132d751f90074859ad7ca76370e568161a374dcc4ebf7b25,w,0x47dd8e1c10da25c9d03987d64c51575799ff4f9d,99889500000000000000,8367000000
91,1583066877,0x118fac77f7c1a139b3c0473ce134ed383f7e2285c62e4a72913d851bb0c05bc9,w,0x17c646eae6a5232361e4b249342d2d7a82ec493d,99889500000000000000,5040000000
92,1583105594,0xaff161f161c729f80a88fd1d27f7d767c25fc3725d66a7cdfc05682dcb8238dc,w,0x3be1596ae7b0cbc4cc8dc75e4b664809c581b6c5,99889500000000000000,5000000000
135,1583109352,0x8c70356fd4d9b6ab1c99fc707ea5c5b6d514d4304216a3e66776cfeb3c1f1c8d,d,0x9df712718352d875ab2c294611be974251604061,100,10000000000
136,1583154467,0x43d496ec5764f1472a97c605a2a4c405ace769b14736107554ace5d0d05b52d4,d,0x15185a07a4f42cf3b39b6d143ac485f15a695d84,100,13000000000
93,1583196348,0xaf29b12a5f23bea9e18e9631b721b3b2625b838cc965b5545e1a9f15fe56371b,w,0xca58fbed9e5d0c300ef4e1e0cd3e62cc59d0df5a,100000000000000000000,5000000000
137,1583285826,0x895ad2781f314911c3ca16905eca4e6a34b7e67300b1e55e852ff7a40a98abe3,d,0xa4da0f347c6abe0e8bc71b5981fd92b364eda4c2,100,10300000000
94,1583286082,0x8166e989b535726757fc77e2d241e422f82d9e47c1c4bdb8a215895f9452320e,w,0xcb646d89f3b143580f43888c4b2134f365e7eaee,100000000000000000000,13000000000
95,1583331088,0x108f50052bd14fd1ed3e0425934bd7c1863e0fc6babcd8bff1f43167c4d6ed1f,w,0x3f5d791107f2b9b654cfd703f1b1b47a69eee2d8,97989500000000000000,8000000000
96,1583436313,0xee30664853c92b511504e091cbdf678682b7cd299ded19965a8f29ea5a5b5279,w,0x13e2d323847b19769193b68346a2d3d11e54f2cd,99093500000000000000,8000000000
97,1583452895,0x7c38ac02e0c26913797d29df833eb63e7daffe9f32c4a079bdd53b210875d4c3,w,0x6df7fc2e8ad50ada369fdc82a550413e19cb0a74,99889500000000000000,8367000000
98,1583460512,0xc820579166812db66f93b284080bc2294b5d656715f108814c5a1907b27e11fe,w,0xc68b93b6c4dfb891d82250cfa32213442aeb9322,99889500000000000000,5000000000
99,1583462742,0x80e9f7b3e6cdc83a5923332827468b0682c971e07cc2f0f7c8e216a10496155f,w,0xcff1cd462ca1435bb8eb13354b368551a138cfd8,99889500000000000000,8000000000
100,1583463488,0xd92ebb66bf7c13580fc3575fd0ac679c3b85a8e38d5699d0e78f5cafec2778b7,w,0x5cdea56a4fb7d0c3bc1348c8dc392024cbf70e3a,99889500000000000000,6000000000
101,1583465241,0x700a8f64edad1719911616894dff86aa496270940189c0bd429cfe48feccfd0f,w,0xf3890ef9b9a1ff8d133f410e0a86410f39806e5a,99889500000000000000,6000000000
102,1583466956,0x395cde879a6edd27cb69011fa8645de78de0df345417d0837ebcb89f23a2063f,w,0x5236a5af8bdac86f02843610df5b47ff8af0c89f,99889500000000000000,5000000000
103,1583467381,0x6bbebb0abe79ba5708d4b9128f0d6bc12e6016ffafac3c2442a608bf6bbe0a9b,w,0xff14cf3d34eca0bb5cb1d172908790636d250bbf,99889500000000000000,7600000000
104,1583468025,0x415d02803b53d643cf03c31e5b4e91074112ae7e0ab38bcc6f522a29aa794e73,w,0x694a870ec9dc814648afe4c3e0cb8d09f3130597,99889500000000000000,8000000000
138,1583615584,0x5c3d8b16b8f7421da0281ace313fc409b18cd9177a743c30f3bda164d0cd0c47,d,0x3a0593a2a7d4fb8f2b7dc06f0435f748fa4900fb,100,10000000000
139,1583615748,0x16a5a9a8fd9ea1282e439cb9aeb731ebd84168cf3ed40722a6cb3f67ed3e49e8,d,0x3a0593a2a7d4fb8f2b7dc06f0435f748fa4900fb,100,10000000000
140,1583663523,0xe62903b26ecdcb7325151d925e6329eb2043e5c9eee07bf26700d3203fbb65b0,d,0x1b7f54f1f77f2b3f58f2e3fc86833f783f05decb,100,13000000000
141,1583775707,0x0d920af001fa200cc28f9e51e003108a72688d71128fe68fd739cb075381a53e,d,0xd77b86531c8c6b7e28a00b83ad0abf8c02c28547,100,20000000000
142,1583778097,0x2754c1bb1b5de23bb9fac91511d586481b5745c59484d9212eb247b40715e81f,d,0x80d0d54050c15971b21e877d95441800f5aa9ee8,100,3000000000
105,1583785898,0x7fe0cc1f1a3e3d4890f500dec083284de0f704db30fcbb3b968c2d0e572fcc76,w,0x2e1ec1d0edf69b8661f6e4a24deafd59decf4911,97994300000000000000,6000000000
143,1583816270,0x94eae8794c44ce64b59ffaaf5ced969dfb157445ebbd855228e88d2194f0c104,d,0x1b9c81c9588ed126593d33e93d8c2b039a5503ab,100,13000000000
144,1583841859,0xae2e0ff9e4186598e4f9e783ce471bdb3a43d3cc5fbe2cc1b69f6f2f42a0b5ea,d,0x53e0003bb8d64d5f4e4e75be519e119e44288660,100,13000000000
145,1583886452,0x3708616f66847c7fc9f29aa5d4ac251f0e7e716af3849fce0eb4be4a25c1a7bc,d,0xd77b86531c8c6b7e28a00b83ad0abf8c02c28547,100,13000000000
106,1583896900,0xb515808b3bcc38981b7b4172ad23e953539eafaf92d714236323801e34950eeb,w,0x82d237ded93b958bce62093328f0c369fbb9bd37,100000000000000000000,12500000000
107,1583913812,0x697db8ef0654aea50d158255b5cc93782305d0713f5d1a2b46a1db0199dc6e54,w,0x510b10184853d3999ab01cbce24eebf4e406829a,99089500000000000000,8000000000
108,1584036662,0xb4ab3f02af450d769995a913d6c1094627fd1e4e6bc2bfdd6b77809d108ebbf9,w,0xc1f42e8f48ca2450f4363e26911241e0ccc134e0,97989500000000000000,143000000000
109,1584047996,0x260240967c9fb12c6e491615b0dd28094133e16ae29ba0416c082b70c26e7f0c,w,0xddbc3361f2b87238f21afb275171e569446f5c3c,100000000000000000000,66000000000
110,1584051916,0xf57a7e2d46fcd17538ae9e313e803af038aaf9e7c988a7efe70f66aa842da3b0,w,0xddbc3361f2b87238f21afb275171e569446f5c3c,100000000000000000000,80000000000
146,1584067019,0x0d0150577332826093250363f2bec1a311b5c8f1039cd3d55e9c72fa3bdc5853,d,0xed9ca1abac996f04b967bfa7badc971f2f223d0d,100,181110000000
147,1584077270,0xcd2f1ef31907da2051ee39aba2d058c696fe1c95f5731bc4a5eda68bae102575,d,0x99063e689f5556a71419c70a93c29391310650a1,100,125000000000
148,1584140633,0xf5d2873cd244ff2a1cd37ba010f6b26f6e78ffffb8c412695be4a8929236d903,d,0x6e0d41232da164ad7a91d4ae5d4277a42e1e3fc2,100,5900000000
111,1584143334,0x4f93558b555a7ace03a687bc8a06fb8050f65811940459e592bb8e85aba22225,w,0xa0a9e3c28f511a47fea03537a062156e398c55a9,99896900000000000000,7000000000
112,1584154049,0x07fffea27ea6ae0e67ec2f62795e50f74a224c6fa743b59be86c8902e48ae617,w,0x510b10184853d3999ab01cbce24eebf4e406829a,99889500000000000000,8000000000
113,1584250000,0x97e82000dc1d0d99bceed80cbb4c7dc97757a18b3d853a08f9cb41faa2818a6e,w,0x99063e689f5556a71419c70a93c29391310650a1,97995900000000000000,9000000000
114,1584251066,0x1ef7918e5292ab994ee732632c49bcde98d7cd000c1a6d08bf58e68672f3589d,w,0x038bd0365739535f5968b58d9c029187777f70f1,97989500000000000000,9000000000
149,1584411724,0x6fa5ea6dd54f1035a849185edda3fc8a7d4aa0052cf7140f46f9335dc3603a5d,d,0x8c117a0661568a6189dc65a53a5e1cc2312a22a3,100,12000000000
115,1584463877,0x42b50734d928b19a1020a693f5d07a1834211057ce7eaa6d93226793f2a240d0,w,0xe0cc1a038f46ed10dda267eb687bb86a6501aa04,99889500000000000000,10000000000
116,1584515915,0xd4601f0eca7ff043f8a94a822d9003796d22c697734958ec314ed99fd29af077,w,0xe66cb84122aaf5d664b697be4e2c410ae69c1983,99894500000000000000,10000000000
150,1584524142,0x519c1b41df01673fd6d203ce1bc573ad9a6a9caa193f3d82b11370a53fd439ff,d,0xafa1202ad476d9ccf2899ce84b27916a16315a11,100,10200000000
151,1584524184,0x25c86238144d6d3c65102a5fa4ec96c98686ee7c252480f8fc8a34b407be2252,d,0xafa1202ad476d9ccf2899ce84b27916a16315a11,100,11000000000
152,1584524362,0xa48473e1d7aacbfb5dc96dd77a05565185e7c5a8e7c4210b8bcf218cf123caa2,d,0xafa1202ad476d9ccf2899ce84b27916a16315a11,100,11000000000
117,1584547133,0x205b9cd89dfbe9598a714f7a26ecbdabc29d79f6da7327f82eb43c524cc91ec9,w,0xa6fdf6bb9d7225505e494df6c23aa99134561504,100000000000000000000,11000000000
118,1584552830,0x3db6edfba1ecb3452a91590cb039b33f462e70163911dacfdb0f3fccee0caddf,w,0x836d31d3074aee0d95d71f210e7749afff2fdc90,100000000000000000000,9000000000
119,1584552919,0xabfd7a1b76a23083f42e659dd980983f332cd7c21268af6025d83fe2a3433a79,w,0x836d31d3074aee0d95d71f210e7749afff2fdc90,100000000000000000000,10200000000
120,1584582208,0x0c365782e031d0cbd23071388e12b83f355d57dcd265618fdaa0b499ac0a7692,w,0xc1f42e8f48ca2450f4363e26911241e0ccc134e0,99889500000000000000,7000000000
153,1584592756,0x23a8512e7f5460deffd5043c5b8c84957d6e323d3b3791563cdf774e7e645143,d,0x04a777a060c8e2030c5b3c19421e8bcb94ccbf05,100,9000000000
154,1584998694,0x20adb956428a61107f72760efbff693d04c06534126f414fb38fa1ed755a77ee,d,0xd1214429ccc78306d9ad2f7ccf6d8c3dd1d85245,100,8200000000
155,1585297593,0x92662414905a4b6b9b301f2ebb276dfb4a49ce4ff092aadde5804da762a5e251,d,0xeafa6fbaebb26f9d07b42f3fd8906818ce75026f,100,3000000000
156,1585318191,0xcecffbf986a07be091639c8f918bf871ca3bdbcd8fa715640c2e6fe886398edb,d,0x206e91b7745eefc739537a453bafef79e84ff138,100,10200000000
157,1585318333,0x334c83a0641b7e983c53bfec894f55eabd884ca3f0ebc88c45c55d5f1f77cc98,d,0x206e91b7745eefc739537a453bafef79e84ff138,100,11000000000
121,1585328091,0xfa3514f61d9a4d8c3a81a70faa766aa4e2dd9ffae49e3adcc1a52ff7385046fe,w,0x792c1bbfac08f29664bc9b8c3ca5a0f4f0dc36d2,99889500000000000000,6000000000
158,1585329082,0x9da3ea59111ddef2b5644e42b4c6886a7c1707f6698981b458bdcc255265789b,d,0xeafa6fbaebb26f9d07b42f3fd8906818ce75026f,100,2000000000
159,1585384914,0x8a1e741e9e9820a37e88788a644810124d5afba3b4aa83a1086a75b1a06fc55a,d,0x74c4a719709c4dbbcac82a3df8f5c766d281cad6,100,6000000000
122,1585385681,0xd0f5fd202f1bac492aadafd573c9d19364fb33a58340c516b7108bd6261f5d5e,w,0xfa43d6cdcc4e889f27658ecbb4c213cc1ce18732,99897150000000000000,6000000000
160,1585409369,0x4fe46bb8855615678dae03b36e63dbb68c70b1872c3dee8376789e482f59ad13,d,0x7c1b2c7e2c7d421937e70e5a98ecc92baed841a6,100,9000000000
123,1585495259,0xe3f3bb37ab7644a21c17d3d530c9abee4955200edf7c1996edd56b3880631221,w,0x5e01b2615e43151bc1c065af704a9d9d612f98ea,99889500000000000000,8000000000
124,1585516314,0xd281a1c8fdd5cc162bca602dc85a0c1d9beb47dd236dc62f349e67951cb218c3,w,0xfa8e7b2b5a333e9bed4e8f38b42ce33d8b2ee1df,99889500000000000000,5100000000
161,1585516610,0x3520f68b2d0b13d554402a9296f20a288ca18e9b8ebef9449bf104c9165af57b,d,0xeafa6fbaebb26f9d07b42f3fd8906818ce75026f,100,1000000000
125,1585631464,0xeca48ae621775c2ce52ac71b3357b927abbdccb5bbb3b4fe8f614ed0a80bcf5a,w,0x1a7716f6a280276eacbed887299886dc65a6d659,99889500000000000000,8000000000
126,1585659468,0x4794b497282c19044fd401316cd11db4ca7efe8486a1ffb8e805ef890185b477,w,0xaed511ad396ad1ac8390d2faee21fdf5c55b4c00,100000000000000000000,12900000000
162,1585820597,0x480e65c1979954b4f27b316044e7dc562ce538c02d21515c255ef9eb0adcad29,d,0x64fac8d8488c2bec636ebcb9e6b57d5977e77f4f,100,10000000000
127,1585862202,0xf57cce7af9b2e064c55f9b6e48ebec335a4af48933e3de1fced45645944d93bc,w,0xa7e8102e664c168ee42b3f78724f44bbbc499388,99897400000000000000,5000000000
128,1585919479,0x1e5025df05adec8be7027ff11aa219e2c0765cbd9641c835955acddd87dd70e4,w,0xef1863a13b8dfa1bd542f1af79a38c18b9169e30,100000000000000000000,12000000000
163,1585921551,0xcc51d7a2088e536f2d088a6ae90f75a87ece1929fd83dc62d8afba3fb9c84c0e,d,0x406d824745cb59839a2cdff08544bd09fed3859b,100,11000000000
164,1585921613,0x2be4e4d0bb69b7b042ccba2d49242a8506e53cd33029186bad1c80320a0a00c2,d,0x406d824745cb59839a2cdff08544bd09fed3859b,100,11000000000
165,1585921706,0x5661ece52169bc583e6b2be6015fc2ed7cfee54d5cd1b0e588f8ead3f0b50484,d,0x406d824745cb59839a2cdff08544bd09fed3859b,100,10000000000
129,1585929305,0x89a8588b6f12acde4e1753842138626384327687af0cf1d024a313fd9b3a9b61,w,0xfd22382cb5aaeb165347f648bed1cda8d75f1fe0,99895900000000000000,8000000000
130,1585930658,0x18911b70ef7c74efe4625f8ca5df0d5d38165e568b6fb4dd751fa96548e2d94a,w,0x20733179ef0b7c282a4f6f96684fbadbc935df14,100000000000000000000,9000000000
166,1585938228,0xc93c7bd53bfe5800839837ff26ec951c2c8afcd830e65d4ea0da4d7f2e5e5311,d,0x0132786eac9e306b13cad3826e34e1666e5bfdbc,100,2000000000
167,1585939466,0x0893a3c175bc40675f658453946839c2202ae34429ef5435a4a74802609623fe,d,0x5370d1e6a90c22250c7ce1e9b7a6570d07e65f1c,100,8000000000
168,1585939748,0x06b468eecd3525706bb97332cba025f28b916d938b522b208543b1fb5b73c11e,d,0x1dbc39b136246394b13eee046a6311f500ce34e3,100,1000000000
131,1585948727,0x2d6c70d4cf8b39e2085823e941845cb9a0a4eec4eed3f369e7d8f9a65dbd6402,w,0xaa84f873b0ec4eba4d2e9954dc1c62af31b59521,99947000000000000000,5100000000
169,1585950866,0x2c6f30251db503e37f81e29a54e7d7caaf4d1a76a54cfb38aa670d6f2bd88226,d,0xeafa6fbaebb26f9d07b42f3fd8906818ce75026f,100,1000000000
171,1586021615,0x542a2e465aff7e091573b8fe298cf081c00dc5dc440bcedba81bae3ac3b8a874,d,0x2bb3dff86c9945de2e973feca46f57b2ba11d6a8,100,1000000000
170,1586021615,0x90a6fe77bac4bb61b82a7692d718a7d5a0ff6b941febc736a1e19ff1efe5a74b,d,0x2bb3dff86c9945de2e973feca46f57b2ba11d6a8,100,1000000000
172,1586021615,0x833dfbf01093465616a25d8f979bd00f49a0213f437a834e59304364a2b81843,d,0x2bb3dff86c9945de2e973feca46f57b2ba11d6a8,100,1000000000
173,1586093521,0x291181c5fca2f85a96ee628bedd389fadd75036d748f06fbd23eb6a6deecdaa3,d,0xdc465139959868400ee5bed99c881a081d29034b,100,8700000000
174,1586093626,0x88501a68bb0b2ebe6dce1a92b751c2628824e620387e0a2bd005b50da358d0f8,d,0xdc465139959868400ee5bed99c881a081d29034b,100,9000000000
132,1586106598,0x9b44aafe1faf7f06b8db9dd7005b45d2e3afe64dda3daf612777496cf64888f0,w,0xd8070d79f65b3a635995e130fa31de2d5701310b,99947000000000000000,5000000000
175,1586167922,0xedf26118a42144eef0e624140a5077f287c6a9d61cd5e889dbd3b22a61b7da37,d,0x9fbf0cc9486557229b17d37358fa3577b17780ae,100,8000000000
133,1586168903,0xe5c4d4d381fca1a04bfbfbcb71195d13a6a6fbe7bb7ef99716275340ed7642f2,w,0xc48ec8724b34fa19154f20b28949acf10bf02520,99944400000000000000,13000000000
134,1586197413,0x6345494773f07cde57211a11da256a2e109891bf406a79a7ce00cfb5892e22d2,w,0xd8070d79f65b3a635995e130fa31de2d5701310b,99944500000000000000,11000000000
135,1586198897,0x690416deddc28b8ce34317cbf238e8244bd72a3145b2d9b6dcd4c661be8b7fe0,w,0x545d8aaf59ea75d911bc56b5bcee0980ed231392,99945400000000000000,11000000000
176,1586202392,0xfa7b5de84fbed0deb78310e556b9e9c698887e79d29092b2ed6382f395e26de4,d,0xeafa6fbaebb26f9d07b42f3fd8906818ce75026f,100,2000000000
136,1586251376,0x41f8315dca56a84b669bbb617973986447165da32f4c0afae17bc15f3cdcd896,w,0x228f5e15ea38866325bafcd308a513002b70d1a4,99946000000000000000,8000000000
177,1586265500,0xb583c9cd7a95d1d6b88b7ab0f1cd2364016e7b8564c700ffa2eedeae263d5a4b,d,0xaa2ded0fe3f60cf1337f9b0f2892480d99ba9da5,100,8000000000
178,1586265529,0xe249b13cec26fa0a9575d070bfd03bce3fa12139f7474441fb65ef12bba50e41,d,0xaa2ded0fe3f60cf1337f9b0f2892480d99ba9da5,100,8000000000
179,1586265557,0x31781bc0b6139bd72f41331e8ed68caac5d180a905bcf8b20bf3787037044e31,d,0xaa2ded0fe3f60cf1337f9b0f2892480d99ba9da5,100,8000000000
180,1586265567,0x1453758797c2fc7c9acbc2beea53b32d3c14ededcece6ade4f3ee81e2c35b2e7,d,0xaa2ded0fe3f60cf1337f9b0f2892480d99ba9da5,100,11200000000
181,1586265598,0x81a2c9cc3ac3742b21f761f60e61865fec7f5b2910c1e22a3f28e6b0c3ed5caf,d,0xaa2ded0fe3f60cf1337f9b0f2892480d99ba9da5,100,11700000000
182,1586265635,0xe3aafcee84be1a3796fbd9592527326a68630ce3284a9e0f38032c9efaa17fbe,d,0xaa2ded0fe3f60cf1337f9b0f2892480d99ba9da5,100,11200000000
184,1586265719,0xac3e4c70a758419f12dd1fb617aec8d76251657de6fd6f5fc594c1d7398c566c,d,0xaa2ded0fe3f60cf1337f9b0f2892480d99ba9da5,100,8000000000
183,1586265719,0x2572a5e62e0c2c599f6906617e38aec087d0523d2ffa832f9ebc4790c55e734a,d,0xaa2ded0fe3f60cf1337f9b0f2892480d99ba9da5,100,8000000000
185,1586265738,0x0c85a18e82d11d3f552625a7094ee65e39d175ce2ac9c9a75e5c549efc1ca791,d,0xaa2ded0fe3f60cf1337f9b0f2892480d99ba9da5,100,10200000000
186,1586265767,0xb01fb796d159e75a59596a87045f0856d0900e0ffe5516658bc93091e54dbc63,d,0xaa2ded0fe3f60cf1337f9b0f2892480d99ba9da5,100,10700000000
187,1586265779,0x804df6b08623204f07f102b312cfb44ce683fb2a068755346ae854611dab8b1d,d,0xaa2ded0fe3f60cf1337f9b0f2892480d99ba9da5,100,10700000000
188,1586265869,0xb8815bb6e84c957d2a3e7cbbd31e7066ab3368e3f5192e8b5a808656bd62e381,d,0xaa2ded0fe3f60cf1337f9b0f2892480d99ba9da5,100,8000000000
189,1586265869,0xad5c62ced6804efa7dcd6137aa8bce653e19d00e7ddb286a48e3136f7b205b65,d,0xaa2ded0fe3f60cf1337f9b0f2892480d99ba9da5,100,11200000000
190,1586265885,0x263b19a3e973b3f645b4f1df1ec747ea36eb83edddf1b37bdcaba78ca487797a,d,0xaa2ded0fe3f60cf1337f9b0f2892480d99ba9da5,100,8000000000
191,1586265908,0x5adfe7e799547fab50964110ea35f1b1260bfbf7fb027350709cb2bf4cd8f723,d,0xaa2ded0fe3f60cf1337f9b0f2892480d99ba9da5,100,11200000000
192,1586265959,0x61c16fbe6499ac6531a969452372d1b2331fbe1b94b8818b14f137c53130ffc4,d,0xaa2ded0fe3f60cf1337f9b0f2892480d99ba9da5,100,11200000000
193,1586265986,0x644a57877a4acf33791602bfe3ef3f03ae09d7c5a567466f0d28a35824bc0133,d,0xaa2ded0fe3f60cf1337f9b0f2892480d99ba9da5,100,11200000000
194,1586266023,0x29c218839a3189693fff35c24c2ebfe434cf4d0281f1c520ad82afe36ae4c3d9,d,0xaa2ded0fe3f60cf1337f9b0f2892480d99ba9da5,100,8000000000
195,1586266735,0xf6b58a4a43bfaba763c9ab810c40fef837f187540cb6ee9b5021b7c75f95a6b6,d,0x1e88acc36419f4e81dc21147481924bd5fa0239d,100,8000000000
137,1586267097,0x16eeceeb9ed2f40316bb61588909f5b574f172e3e32cdfb6a17f7b9b45bcd2c5,w,0x6dca32c5772dce9104e68621bfdaf0648a85be7b,99944400000000000000,8000000000
196,1586267320,0xebb5cb2175668ebbe0d8b9769f331cba345e2bd2fcdaa5d2b5190cefc675eade,d,0x1e88acc36419f4e81dc21147481924bd5fa0239d,100,8000000000
138,1586267399,0x96a98e29269aeb21f62475494cd8baf6d334f4a1a7ea9f2b78ef501d6c517001,w,0x859005f10e6aaa135e50cef23ae44501696d629d,99944400000000000000,8000000000
197,1586267967,0xc8f3b163ae9f393adc57913b677438f3cdc33ec731c9d322bd4a5b290afc82f6,d,0x1e88acc36419f4e81dc21147481924bd5fa0239d,100,8000000000
198,1586270370,0x02156f4f5711db922c9160c442309470f9ccc695c9bf66596454a3dd30a44252,d,0xd1214429ccc78306d9ad2f7ccf6d8c3dd1d85245,100,8000000000
199,1586278682,0xec6118bd1c38708ca89396b3642ba905cb916d2e07901435a6f28da99bc694a9,d,0x2dd817208699250ee630d3bbf46c138d41f18c8f,100,6000000000
200,1586278823,0x95362705d4d38e12105f70e50d0907275af422f9a9ac0dc18ff21c5dc87eb805,d,0x2dd817208699250ee630d3bbf46c138d41f18c8f,100,4000000000
201,1586279171,0x2f2c23c517930542868223530d18fe790ed2369848c8e9cab31e89991a3e3a82,d,0x2dd817208699250ee630d3bbf46c138d41f18c8f,100,4000000000
202,1586279285,0xf08e9d3608613bb476b888fb720e7ae68fae31442ab025025add78c45e26cf85,d,0x2dd817208699250ee630d3bbf46c138d41f18c8f,100,4000000000
203,1586279546,0x9111c2a69fa8693809b3930230bcf760a97b2e7c6b647ec7b6f230373f25f02b,d,0x2dd817208699250ee630d3bbf46c138d41f18c8f,100,4000000000
204,1586284879,0xa3f02184e1330a6697e55ae9cb8661a3584ab141f848300862dc485652c93edc,d,0x2dd817208699250ee630d3bbf46c138d41f18c8f,100,4000000000
205,1586285000,0x8e84a5f624d7ab416a12c612d4dc5afb011d8ae98dd677cd1c736827aed27761,d,0x2dd817208699250ee630d3bbf46c138d41f18c8f,100,4000000000
206,1586285107,0x0c81fbab8c89d72d97f002ceec7e205aa2d59b8e84749c36037c366e822ba0aa,d,0x2dd817208699250ee630d3bbf46c138d41f18c8f,100,4000000000
139,1586288146,0x30dbfa2438635033fb6784c94b0b92233293fad4a3401c7901f537cf70708fc3,w,0xd8070d79f65b3a635995e130fa31de2d5701310b,99945900000000000000,8000000000
207,1586289847,0x1e1e1620efea73cd42344b00abcbe824af6e029d3d458fc120bbcea9994a0569,d,0x6bc2e3e25cf4ae49b33f8a81b8364cd725023930,100,5000000000
208,1586290282,0x71ee6b17aa126bd7c1bbffe68aded3ea0c1f8c9c734fa7a38d607ffd9dbbcc18,d,0x6bc2e3e25cf4ae49b33f8a81b8364cd725023930,100,2000000000
209,1586291000,0xb951599ba20643bb49189ce6953300ffc520b39ad4a5e7592be7a5a8ccb6c55c,d,0x6bc2e3e25cf4ae49b33f8a81b8364cd725023930,100,2000000000
140,1586291779,0xbe2021e94f64a7d961507f9fc966446ab8e451fa7dd5944d7db1ad7a5b3ad8a6,w,0x139309d7a0e1f8dda278a6ac91c1b18410e58e43,99947400000000000000,6000000000
141,1586354412,0x3b4ec480198e5129f471a296a3c2ac008b821e3244fc76349ca11b7ff5723f7c,w,0xd8070d79f65b3a635995e130fa31de2d5701310b,99945900000000000000,8000000000
142,1586360247,0x5784f1984196e4256949a52f80e2fa3878f8f0f70540d62401192642a79d6d3b,w,0xb5ec27c2c1fb3164ff43ee11e9b51a583d9110ad,99096000000000000000,9000000000
143,1586360636,0x702f03a8c78dce5ae3eaba1660c7b5f0ab2f20e5a7c41f54ca2b21576a75210d,w,0xb5ec27c2c1fb3164ff43ee11e9b51a583d9110ad,99795900000000000000,8000000000
144,1586370876,0x04c9f27c0394bff06d7386f3644655dc1489351c059a9db4e83e065db724add8,w,0xfd339662d322061a7deb2fd64993fbefcc76b33b,99946000000000000000,5500000000
145,1586371178,0xe289db4ea97b63fba68ba4961fcc6a15dee3710fc60bdb2f4e53f2e82055fc23,w,0x91a16800c500ee30b3713e30fd885c413d388c76,99946000000000000000,8000000000
210,1586373290,0x20c3f52794ae6befea04f1d40b27e2fe1325308df94a3d4a9e1b14ce4cc9f3b6,d,0xeafa6fbaebb26f9d07b42f3fd8906818ce75026f,100,1100000000
211,1586377989,0x3e4073d35741180e75865c95d5a5dadcb52d84cf4cd831cc3ba1beb590d6195c,d,0x2bb3dff86c9945de2e973feca46f57b2ba11d6a8,100,2000000000
212,1586378660,0xd645da5bdbaab22e5b87c74e950af5f19411f1a125f39b7f335ee4472533d389,d,0x2bb3dff86c9945de2e973feca46f57b2ba11d6a8,100,1100000000
213,1586378768,0x5420d164f9a6bd94ad0dfeca066cfce72e6d0ba1af915deb64b5bb92172b4d1d,d,0x2bb3dff86c9945de2e973feca46f57b2ba11d6a8,100,1100000000
146,1586403354,0x5b88cf464fda366470f1adf73a171ffb026aa63833d80a01de3762e88ce653ba,w,0xb5ec27c2c1fb3164ff43ee11e9b51a583d9110ad,99946000000000000000,8000000000
147,1586458789,0xc499e6bb8db78e3d4c4c4971268ebae69efbd3d20cb3f3378151b5fd9902f15d,w,0xd8070d79f65b3a635995e130fa31de2d5701310b,99947400000000000000,5000000000
148,1586479392,0xadd5d571007e925d1ef7eec72d4eef318c887088bc0e7d2ebbeff29d7992fb70,w,0xd85d422317640106599128b19b40b3e8137875a3,100000000000000000000,4000000000
149,1586479603,0xfc61659a936da216837fe1fa0a9c6ab4cd382abaf598c37eb0f531e413fb576a,w,0xd85d422317640106599128b19b40b3e8137875a3,100000000000000000000,4000000000
150,1586479749,0xe80ef1e9c6aa927a9d263c249555955c3070fd2edbb7029ba85c3020877516a6,w,0xd85d422317640106599128b19b40b3e8137875a3,100000000000000000000,4000000000
151,1586479916,0x3a306a22fbef133b017e0011a60b62a4f9984985071a80d3feb547132f86ff2f,w,0xd85d422317640106599128b19b40b3e8137875a3,100000000000000000000,4000000000
152,1586480066,0x41077d8069028a99b09e57ae9e42ebd3937a89179f906800b2fee68ce6de2428,w,0xd85d422317640106599128b19b40b3e8137875a3,100000000000000000000,4000000000
